code,name,Marcap,current_price,1W,1M,3M,6M,1Y,2Y,3Y,4Y,YTD,sector_name
000500,가온전선,0,265500,32.08955223880597,69.6485623003195,47.46641042873568,384.57747764190543,725.2004724311556,1448.8274413720687,2325.765189584285,2530.01485884101,479.84624792522055,전기장비
126340,비나텍,0,69500,17.996604414261462,-1.4184397163120568,-33.108758421559195,-54.06477197620622,53.3268619837628,104.44784373713007,33.12646056008888,64.56325622143821,-3.3379694019471486,전기장비
006260,LS,0,330000,11.298482293423271,0.0,-11.646586345381527,32.0,83.94648829431438,237.07865168539323,245.5497382198953,407.6923076923077,65.08254127063532,전기장비
001440,대한전선,0,31100,12.885662431941924,7.612456747404845,-15.832205683355886,3.8397328881469113,101.8170019467878,188.76508820798514,163.55932203389833,105.00988793671719,35.80786026200873,전기장비
119850,지엔씨에너지,0,48300,15.412186379928317,-8.522727272727272,127.29411764705883,34.91620111731844,53.333333333333336,787.8676470588235,953.4351145038167,992.7601809954751,56.310679611650485,전기장비
103590,일진전기,0,72600,7.555555555555555,15.974440894568689,-6.683804627249357,-7.750952986022871,100.55248618784532,295.4248366013072,539.9294843543412,1391.3722267871815,33.455882352941174,전기장비
229640,LS에코에너지,0,49600,11.963882618510159,3.549060542797495,-14.482758620689657,3.765690376569038,27.670527670527672,109.72515856236787,435.05933117583606,529.4416243654823,43.56005788712012,전기장비
024840,KBI메탈,0,5530,1.841620626151013,4.339622641509433,23.02558398220245,150.2262443438914,212.0767494356659,101.0909090909091,253.80678182981447,227.2189349112426,217.08715596330273,전기장비
010120,LS ELECTRIC,0,211500,8.073582013285641,1.4388489208633095,-7.8431372549019605,41.566265060240966,261.53846153846155,673.0263157894738,1040.7766990291263,1778.3303730017765,129.8913043478261,전기장비
062040,산일전기,0,210500,14.526659412404788,14.526659412404788,-1.1737089201877933,49.71550497866287,100.8587786259542,532.1321321321321,,,61.79861644888547,전기장비
107640,한중엔시에스,0,43150,8.964646464646464,16.307277628032345,2.860548271752086,-28.677685950413224,25.436046511627907,-0.461361014994233,133.24324324324323,237.109375,-8.093716719914804,전기장비
017510,세명전기,0,7680,8.321579689703809,0.0,-7.35826296743064,-19.832985386221296,-21.23076923076923,47.12643678160919,165.7439446366782,107.56756756756755,-12.627986348122866,전기장비
033100,제룡전기,0,46850,5.875706214689266,-2.699896157840083,-7.775590551181103,-5.734406438631791,35.014409221902014,-5.8291457286432165,90.83503054989816,363.86138613861385,33.47578347578348,전기장비
178320,서진시스템,0,36400,8.982035928143713,-2.803738317757009,-51.14093959731544,-20.697167755991288,76.69902912621359,50.103092783505154,136.36363636363635,137.90849673202615,43.873517786561266,전기장비
006910,보성파워텍,0,7650,12.005856515373353,6.694560669456067,-3.6523929471032743,-34.16523235800344,77.28852838933952,175.67567567567568,128.69955156950672,40.10989010989011,46.83301343570058,전기장비
006340,대원전선,0,13500,6.048703849175176,-9.698996655518394,35.0,125.75250836120402,375.3521126760563,393.60146252285193,1112.9380053908355,844.055944055944,262.9032258064516,전기장비
298040,효성중공업,0,2931000,6.003616636528029,-0.10224948875255625,-9.704251386321626,13.035094485152332,134.10543130990416,971.6636197440585,1574.857142857143,3915.0684931506853,64.57046603032003,전기장비
294630,서남,0,3115,11.25,4.530201342281879,6.86106346483705,-25.833333333333336,3.833333333333333,-6.174698795180722,-22.22222222222222,13.893967093235831,16.885553470919323,전기장비
267260,HD현대일렉트릭,0,751000,5.625879043600563,-1.7015706806282722,-27.299128751210066,-19.16038751345533,45.542635658914726,205.90631364562117,1097.7671451355661,2108.823529411765,-2.9715762273901807,전기장비
199820,제일일렉트릭,0,7620,5.394190871369295,-1.550387596899225,-18.064516129032256,-25.073746312684364,-24.92610837438424,14.759036144578314,32.822032421126025,33.05395495023573,-21.280991735537192,전기장비
015860,일진홀딩스,0,6860,7.861635220125786,6.0278207109737245,2.083333333333333,-7.671601615074024,21.847246891651864,85.4054054054054,67.93145654834761,30.666666666666664,1.7804154302670623,전기장비
147830,제룡산업,0,7070,4.585798816568047,1.4347202295552368,-4.8452220726783315,-5.481283422459892,10.815047021943574,10.815047021943574,89.7986577181208,118.54714064914992,14.772727272727273,전기장비
125020,티씨머티리얼즈,0,6240,1.1345218800648298,11.032028469750891,-11.11111111111111,-8.370044052863436,33.762057877813504,,,,53.69458128078818,전기장비
007610,선도전기,0,4040,1.2531328320802004,-10.022271714922049,-26.277372262773724,34.66666666666667,34.66666666666667,34.66666666666667,34.66666666666667,34.66666666666667,34.66666666666667,전기장비
479960,위너스일렉,0,6150,2.5,0.819672131147541,-16.3265306122449,-35.80375782881002,-49.631449631449634,,,,-41.14832535885167,전기장비
006345,대원전선우,0,10010,1.6243654822335025,-5.566037735849057,-3.2850241545893724,137.76722090261282,176.51933701657458,168.72483221476512,367.75700934579436,275.60975609756093,162.04188481675394,전기장비
038460,바이오스마트,0,2695,1.125703564727955,-7.705479452054795,0.18587360594795538,-41.72972972972973,-13.064516129032258,-22.77936962750716,-25.961538461538463,-32.540675844806,-30.897435897435898,전기장비
475430,키스트론,0,4080,-1.090909090909091,-10.033076074972437,-5.44611819235226,-5.773672055427252,-19.047619047619047,,,,-15.615305067218202,전기장비
388050,지투파워,0,11080,20.96069868995633,37.12871287128713,30.814639905548997,-7.280334728033473,24.354657687991022,80.16260162601625,5.323193916349809,25.76617480136209,38.847117794486216,전기장비
237750,피앤씨테크,0,3430,-3.651685393258427,-14.463840399002494,-18.040621266427717,-27.560718057022175,-23.007856341189676,-25.190839694656486,-39.184397163120565,-44.40842787682334,-11.024643320363165,전기장비
217320,썬테크,0,10000,17.647058823529413,-9.090909090909092,-9.502262443438914,150.0,1328.5714285714287,212.98904538341156,88.67924528301887,47.05882352941176,622.543352601156,전기장비
017040,광명전기,0,932,0.0,0.0,0.0,-34.59649122807018,-15.195632393084624,-43.03178484107579,-63.01587301587301,-64.01544401544402,-24.473257698541328,전기장비
260870,SK시그넷,0,8050,-0.8620689655172413,-1.1056511056511056,15.994236311239193,-14.904862579281183,-25.462962962962965,-61.938534278959814,-79.875,-83.15899581589959,-17.68916155419223,전기장비
189860,서전기전,0,5670,37.62135922330097,28.28054298642534,22.066738428417654,27.130044843049326,77.46478873239437,31.554524361948953,7.183364839319471,-33.215547703180206,83.19870759289176,전기장비
208850,이비테크,0,4895,8.777777777777777,-5.319148936170213,-5.684007707129094,-4.951456310679612,-9.351851851851851,-9.183673469387756,-18.280467445742904,-12.589285714285714,-5.501930501930502,전기장비
011170,롯데케미칼,0,67800,18.32460732984293,15.897435897435896,-10.789473684210527,-4.23728813559322,2.5718608169440245,-14.177215189873419,-51.32806891600862,-59.55643309214334,-3.556187766714083,화학
006650,대한유화,0,110300,19.891304347826086,20.41484716157205,-8.767576509511994,-13.35428122545169,-11.191626409017713,16.227608008429925,-22.04946996466431,-4.913793103448276,-23.825966850828728,화학
222420,쎄노텍,0,936,10.117647058823529,-7.0506454816285995,-20.677966101694913,-30.56379821958457,12.907117008443908,23.809523809523807,-48.74041621029573,-52.60759493670886,12.095808383233534,화학
005070,코스모신소재,0,41450,8.650065530799477,5.605095541401274,-3.267211201866978,-13.645833333333332,0.24183796856106407,-58.34170854271357,-72.7481919789612,-38.65348468927139,-4.272517321016166,화학
045520,크린앤사이언스,0,2925,24.46808510638298,-3.145695364238411,17.943548387096776,-5.94855305466238,-27.6885043263288,-44.60227272727273,-61.462450592885375,-69.21052631578948,-15.706051873198849,화학
121600,나노신소재,0,49800,6.752411575562702,-3.488372093023256,-10.27027027027027,-16.86143572621035,-9.124087591240876,-38.366336633663366,-66.59959758551308,-49.1317671092952,-0.3003003003003003,화학
126600,BGF에코머티리얼즈,0,3110,3.322259136212625,2.980132450331126,2.302631578947368,-14.91108071135431,5.0675675675675675,-16.621983914209114,-38.2936507936508,-45.638874322670866,-15.027322404371585,화학
086520,에코프로,0,86800,5.853658536585367,-7.165775401069519,-20.22058823529412,-42.32558139534884,75.0,17.65981673263569,-56.67019428525788,265.25837401110925,-4.405286343612335,화학
005420,코스모화학,0,10850,4.72972972972973,0.8364312267657992,-11.572942135289324,-24.861495844875346,-31.80389692017599,-40.417353102690825,-73.4718826405868,-60.047133335788196,-24.390243902439025,화학
003670,포스코퓨처엠,0,192100,9.147727272727273,16.072507552870093,4.006497022198159,0.6286013619696176,44.43609022556391,-3.795110127304961,-52.58815370224571,17.267144444308787,2.727272727272727,화학
007690,국도화학,0,39850,0.12562814070351758,0.0,26.70906200317965,10.38781163434903,6.550802139037433,22.993827160493826,-24.669187145557654,-24.23954372623574,21.865443425076453,화학
011790,SKC,0,92000,10.047846889952153,6.60486674391657,-34.285714285714285,-1.5295036872919543,0.08158825129181398,-11.81995936050301,16.384981277198666,-11.81995936050301,-6.245860041374109,화학
457190,이수스페셜티케미컬,0,68100,5.909797822706065,1.7937219730941705,-14.015151515151514,-26.695371367061355,51.50166852057843,53.37837837837838,39.263803680981596,,15.033783783783782,화학
051910,LG화학,0,285000,5.947955390334572,2.5179856115107913,-9.95260663507109,-4.201680672268908,-2.7303754266211606,-7.915993537964459,-49.46808510638298,-55.74534161490683,-14.414414414414415,화학
101360,에코앤드림,0,8550,5.816831683168317,8.227848101265822,-21.34314627414903,-52.762430939226526,-57.88177339901478,-73.89312977099237,-70.50300144897537,-64.24090338770388,-51.475595913734395,화학
010060,OCI홀딩스,0,226500,-6.016597510373444,-20.38664323374341,-20.105820105820104,36.44578313253012,131.59509202453987,236.05341246290803,154.7806524184477,170.17033255403408,96.61458333333334,화학
011780,금호석유화학,0,130000,2.20125786163522,3.9168665067945643,8.60484544695071,11.779879621668101,18.397085610200364,-8.771929824561402,0.6191950464396285,2.3622047244094486,7.705053852526926,화학
161000,애경케미칼,0,10910,6.025267249757046,15.44973544973545,4.202483285577841,9.318637274549097,2.153558052434457,3.216650898770104,-24.130737134909598,7.48768472906404,14.842105263157896,화학
281740,레이크머티리얼즈,0,11450,3.8077969174977335,-16.727272727272727,-27.070063694267514,-42.462311557788944,-5.9934318555008215,-22.999327505043713,-26.081342801807615,65.46242774566474,-22.372881355932204,화학
251370,와이엠티,0,7160,-1.1049723756906076,-17.416378316032297,-49.18381831085876,-44.0625,-28.4,-17.70114942528736,-38.80341880341881,-56.34146341463414,-39.167374681393376,화학
007770,한일화학,0,8240,1.477832512315271,27.35703245749614,16.22002820874471,7.012987012987012,-10.239651416122005,-26.88553682342502,-57.503867973182054,-74.25,3.647798742138365,화학
011500,한농화성,0,13570,2.803030303030303,-0.948905109489051,-14.600377595972311,-39.01123595505618,-4.838709677419355,-23.333333333333332,-9.109176155391827,-10.42904290429043,-8.31081081081081,화학
023900,풍국주정,0,7590,4.834254143646409,0.6631299734748011,0.796812749003984,-27.22914669223394,-18.474758324382385,-25.515210991167812,-38.79032258064516,-46.92307692307692,-17.768147345612135,화학
000210,DL,0,56000,9.375,8.317214700193423,7.6923076923076925,22.137404580152673,44.329896907216494,33.49225268176401,44.70284237726098,-14.634146341463413,48.73837981407703,화학
115570,스타플렉스,0,2700,1.5037593984962405,17.391304347826086,6.719367588932807,-6.7357512953367875,-8.31918505942275,-12.762520193861066,-25.517241379310345,-50.0,-17.682926829268293,화학
004000,롯데정밀화학,0,46750,1.7410228509249184,-4.004106776180698,-4.298874104401229,-9.04669260700389,1.6304347826086956,-4.396728016359918,-25.2,-32.049418604651166,4.938271604938271,화학
125210,아모그린텍,0,5660,2.909090909090909,-8.562197092084006,-36.830357142857146,-24.53333333333333,-19.142857142857142,-22.993197278911566,-59.48460987831067,-65.2760736196319,-6.754530477759473,화학
120110,코오롱인더,0,56900,1.0657193605683837,-2.901023890784983,-20.86230876216968,-24.133333333333333,49.73684210526316,75.346687211094,16.47901740020471,9.003831417624522,26.867335562987737,화학
178920,PI첨단소재,0,19610,3.5921817221341787,-5.036319612590799,-13.612334801762113,0.6157003591585428,13.615295480880649,-9.839080459770114,-32.262521588946456,-46.273972602739725,25.54417413572343,화학
093370,후성,0,13350,6.5442936951316835,30.498533724340177,-15.34559289790742,91.53515064562411,140.54054054054055,119.21182266009853,16.83878872746368,-16.137948363590677,77.29083665338645,화학
004430,송원산업,0,11930,5.29567519858782,-5.242255758538523,15.825242718446603,37.12643678160919,16.617790811339198,13.835877862595419,-34.30616740088105,-36.54255319148936,31.8232044198895,화학
000215,DL우,0,25650,7.547169811320755,9.615384615384617,12.5,3.0120481927710845,12.747252747252746,13.245033112582782,30.53435114503817,-32.677165354330704,8.9171974522293,화학
017890,한국알콜,0,14620,4.503216583273767,0.7580978635423846,26.36127917026793,29.037952338923212,58.05405405405405,57.03544575725027,26.689774696707108,44.039408866995075,38.18525519848771,화학
014680,한솔케미칼,0,203000,4.747162022703819,-12.5,-31.41891891891892,-26.181818181818183,17.681159420289855,61.75298804780876,20.54631828978622,-3.5629453681710213,-10.76923076923077,화학
003720,삼영,0,6180,1.644736842105263,-19.53125,-24.725943970767357,-14.285714285714285,17.71428571428571,34.64052287581699,20.939334637964773,104.63576158940397,0.3246753246753247,화학
017860,DS단석,0,12100,5.769230769230769,-2.4193548387096775,-19.063545150501675,-41.262135922330096,-43.82283300060356,-48.68097378912545,,,-33.40671436433682,화학
051915,LG화학우,0,129200,5.126118795768917,0.3885003885003885,-11.506849315068493,-11.989100817438691,-8.757062146892656,-35.561097256857856,-61.02564102564103,-56.351351351351354,-22.215532811559303,화학
102260,동성케미컬,0,3710,0.2702702702702703,-0.9345794392523363,-2.8795811518324608,-8.733087330873309,-13.135097166939827,-12.147762254321574,-19.365355357530973,-19.10161360662887,-12.705882352941176,화학
092230,KPX홀딩스,0,98000,-0.910010111223458,11.490329920364049,18.072289156626507,24.050632911392405,43.06569343065693,75.62724014336918,100.81967213114753,66.95059625212947,34.43072702331962,화학
220260,켐트로스,0,3860,0.12970168612191957,1.5789473684210527,-15.350877192982457,-27.5797373358349,-3.9800995024875623,-22.8,-47.26775956284153,-65.99118942731278,-48.18791946308725,화학
005950,이수화학,0,12110,7.168141592920355,-18.506056527590847,-20.43363994743758,51.186017478152316,116.25000000000001,43.48341232227489,-32.908587257617725,-16.19377162629758,46.61016949152542,화학
051630,진양화학,0,1383,-2.399435426958363,29.615745079662602,-39.074889867841414,-44.34607645875251,-30.711422845691384,-46.64351851851852,-52.78251963127347,-55.15564202334631,-48.77777777777778,화학
001340,PKC,0,5120,2.6052104208416833,-3.0303030303030303,-10.332749562171628,-26.33093525179856,-12.478632478632479,-34.27471116816431,-43.67436743674367,3.9805036555645814,-9.058614564831261,화학
003240,태광산업,0,925000,-0.857449088960343,-2.0127118644067794,2.549889135254989,-16.81654676258993,5.835240274599542,58.93470790378007,57.84982935153583,15.625,21.391076115485564,화학
104830,원익머트리얼즈,0,32300,1.5723270440251573,-9.142053445850914,-25.91743119266055,-25.23148148148148,29.2,23.99232245681382,25.680933852140075,15.978456014362658,4.53074433656958,화학
294140,레몬,0,2285,3.160270880361174,12.009803921568627,-9.325396825396826,-38.73994638069705,-52.39583333333333,-45.530393325387365,-68.50447966919366,-79.6309502585131,-55.802707930367504,화학
005690,파미셀,0,10770,2.085308056872038,-7.948717948717948,-22.013034033309197,-34.40925700365408,-5.856643356643357,108.31721470019342,43.40878828229028,-10.25,-25.877494838265658,화학
002360,SH에너지화학,0,1668,3.4739454094292808,-4.631217838765009,-17.832512315270936,-58.91625615763547,-61.47806004618938,-67.35812133072407,-76.0344827586207,-84.97297297297297,-55.401069518716575,화학
285130,SK케미칼,0,54500,4.406130268199234,23.30316742081448,22.334455667789,-5.052264808362369,-12.238325281803544,15.711252653927813,-11.954765751211632,-48.095238095238095,-16.793893129770993,화학
024070,WISCOM,0,1924,-1.7364657814096014,2.7229044313934865,5.021834061135371,0.10405827263267431,-3.8,-8.380952380952381,-28.608534322820038,-38.53035143769968,2.4494142705005326,화학
011785,금호석유화학우,0,52500,2.73972602739726,1.5473887814313347,0.7677543186180422,-8.854166666666668,-7.894736842105263,-20.333839150227618,-16.534181240063592,-42.30769230769231,-14.075286415711949,화학
091970,LSK아이로봇,0,3945,0.8951406649616368,-2.832512315270936,35.800344234079176,21.012269938650306,35.33447684391081,30.629139072847682,7.493188010899182,-43.88335704125178,31.5,화학
014830,유니드,0,64400,1.4173228346456692,0.0,-11.78082191780822,-23.333333333333332,-14.588859416445624,-12.021857923497267,5.057096247960848,-46.682562548639744,-4.166666666666666,화학
163280,에어레인,0,3540,2.1645021645021645,9.428129829984544,-14.285714285714285,-44.25196850393701,-56.670746634026926,,,,-45.32818532818533,화학
298050,HS효성첨단소재,0,172500,-0.975889781859931,-6.300923411189571,-11.265432098765432,-20.871559633027523,-10.990712074303406,-33.00970873786408,-61.75166297117517,-58.87961859356376,-5.011013215859031,화학
012610,경인양행,0,3175,0.315955766192733,0.0,-22.181372549019606,-23.03030303030303,0.4746835443037975,-0.15723270440251574,-23.860911270983213,-41.2037037037037,-34.87179487179487,화학
003780,진양산업,0,3900,0.3861003861003861,-0.2557544757033248,-26.41509433962264,-33.78607809847199,-41.44144144144144,-39.907550077041606,-38.291139240506325,-39.25233644859813,-42.13649851632047,화학
008370,원풍,0,5040,0.0,2.33502538071066,2.6476578411405294,4.239917269906929,14.156285390713478,4.455958549222798,27.756653992395435,0.19880715705765406,4.024767801857585,화학
104480,티케이케미칼,0,1726,1.1723329425556859,4.164152082076042,0.994733762434172,-7.453083109919572,-0.3464203233256351,28.231797919762258,-16.416464891041162,-55.85677749360614,9.936305732484078,화학
014190,원익큐브,0,1238,0.08084074373484236,3.859060402684564,-7.335329341317365,-31.526548672566374,-19.084967320261438,-19.243313763861707,-25.06053268765133,-48.84297520661157,-23.48578491965389,화학
002960,한국쉘석유,0,506000,1.402805611222445,-1.171875,2.42914979757085,-5.065666041275797,20.908004778972522,59.87361769352291,118.10344827586208,101.19284294234592,12.319644839067703,화학
456040,OCI,0,80600,2.806122448979592,4.1343669250646,-24.03393025447691,-6.712962962962964,48.43462246777164,3.7323037323037322,-34.94753833736885,,35.23489932885906,화학
187790,나노,0,3035,4.655172413793104,-8.58433734939759,-35.2187833511206,-31.950672645739907,57.335406946604465,169.77777777777777,96.18616677440207,92.6984126984127,-12.78735632183908,화학
247660,나노씨엠에스,0,3600,-7.6923076923076925,51.26050420168067,0.6993006993006993,-8.396946564885496,-27.492447129909365,-58.23665893271461,-79.00874635568513,-85.71428571428571,-31.297709923664126,화학
352940,인바이오,0,2005,-1.9559902200488997,0.6526104417670683,0.0,-0.24875621890547264,-9.070294784580499,-9.684684684684685,-56.69546436285097,-61.59003831417624,-11.868131868131867,화학
083420,그린케미칼,0,4755,-1.756198347107438,-4.9,4.62046204620462,-15.691489361702127,-37.18626155878468,-23.058252427184467,-39.272030651341,-41.00496277915633,-27.515243902439025,화학
027410,BGF,0,3860,0.0,-7.765830346475508,-5.159705159705159,-9.601873536299765,-2.525252525252525,11.560693641618498,7.972027972027972,-1.9059720457433291,-1.530612244897959,화학
004840,DRB동일,0,4065,-0.4895960832313341,-9.263392857142858,-5.902777777777778,-27.41071428571429,-18.537074148296593,-13.602550478214665,-33.57843137254902,-8.856502242152468,-17.961654894046415,화학
069260,TKG휴켐스,0,16520,2.2277227722772275,1.9753086419753085,2.86425902864259,-12.22104144527099,-6.613906161673262,-8.425720620842572,-24.5662100456621,-29.401709401709404,-12.777191129883844,화학
033500,동성화인텍,0,16830,1.7533252720677146,-4.699886749716875,-7.2727272727272725,-42.065404475043024,-46.144,49.86642920747996,30.870917573872475,40.25,-33.6094674556213,화학
006840,AK홀딩스,0,7770,2.913907284768212,3.7383177570093453,22.943037974683545,-1.893939393939394,-31.48148148148148,-40.550879877582254,-58.382431708623464,-50.66666666666667,-10.79219288174512,화학
007590,동방아그로,0,5600,0.0,0.17889087656529518,-3.7800687285223367,-5.245346869712352,-9.531502423263328,-8.49673202614379,-12.087912087912088,-18.486171761280932,-6.666666666666667,화학
066430,아이로보틱스,0,2065,-0.24154589371980675,-5.491990846681922,-39.795918367346935,-19.64980544747082,46.87055476529161,274.7731397459165,76.49572649572649,54.56586826347305,19.36416184971098,화학
002810,삼영무역,0,21900,-1.7937219730941705,-7.006369426751593,1.6241299303944314,13.825363825363826,37.47645951035782,72.44094488188976,77.90414297319252,66.53992395437263,36.618839675608235,화학
042040,케이피엠테크,0,4630,4.044943820224719,-16.425992779783392,-22.833333333333332,-67.1584621932189,-76.97204814483239,-80.92452208305868,-84.66887417218543,-86.8637575895137,-72.9903161824758,화학
025000,KPX케미칼,0,53900,-1.4625228519195612,6.944444444444445,7.8,7.370517928286853,13.375822973854145,23.547344534347996,31.965527372441482,16.02376442224901,15.417558886509635,화학
004090,한국석유,0,11550,2.666666666666667,7.5418994413407825,-5.016447368421053,-42.22111055527764,-16.364952932657495,-31.209053007742703,6.944444444444445,-2.5316455696202533,-17.14490674318508,화학
003650,미창석유,0,130100,-3.4866468842729974,-13.266666666666666,4.1633306645316255,11.578044596912521,21.475256769374415,46.50900900900901,82.9817158931083,66.58130601792574,6.902218570254724,화학
001550,조비,0,10840,-4.155614500442087,7.75347912524851,4.331087584215592,-37.195828505214365,-14.308300395256918,-3.985828166519043,-31.522425773847125,-41.5633423180593,-7.979626485568761,화학
268280,미원에스씨,0,133300,2.617397998460354,8.110300081103,27.073403241182074,8.022690437601296,-3.125,1.1380880121396053,1.7557251908396947,-27.554347826086957,-4.989308624376337,화학
001570,금양,0,9900,0.0,0.0,0.0,0.0,0.0,-77.13625866050808,-92.73127753303964,-43.26647564469914,0.0,화학
023450,동남합성,0,31800,1.1128775834658187,6.7114093959731544,9.655172413793103,3.414634146341464,0.6329113924050633,-3.927492447129909,-6.744868035190615,-46.101694915254235,-5.777777777777778,화학
025860,남해화학,0,6210,-4.6082949308755765,5.612244897959184,-0.32102728731942215,-30.614525139664806,-10.0,-2.96875,-23.143564356435643,-37.27272727272727,-6.756756756756757,화학
036640,HRS,0,4940,0.8163265306122449,0.8163265306122449,5.106382978723404,-2.178217821782178,-9.689213893967093,-4.448742746615087,-8.856088560885608,-16.271186440677965,-4.448742746615087,화학
120115,코오롱인더우,0,25200,0.0,-1.36986301369863,0.5988023952095809,-10.79646017699115,8.620689655172415,19.431279620853083,3.917525773195876,-8.02919708029197,-0.7874015748031495,화학
120240,대정화금,0,14760,-0.6060606060606061,0.888585099111415,8.849557522123893,10.479041916167663,12.072892938496583,5.654974946313529,-18.8565145684442,-27.111111111111114,11.144578313253012,화학
134380,미원화학,0,10100,-2.0368574199806013,-2.8846153846153846,1.0,-7.593778591033852,18.128654970760234,25.154894671623296,43.87464387464387,50.74626865671642,8.95361380798274,화학
221980,케이디켐,0,9280,0.10787486515641855,-1.9027484143763214,-7.199999999999999,-9.019607843137255,-17.584369449378332,-27.782101167315176,-28.834355828220858,-36.0,-12.121212121212121,화학
238540,나노솔루션,0,103800,0.0,0.0,,,,,,,,화학
285800,진영,0,733,0.0,-8.944099378881988,-32.066728452270624,-45.50185873605948,-64.0686274509804,-69.83539094650206,-84.50317124735729,,-54.64108910891089,화학
318000,KBG,0,2795,-1.0619469026548671,-8.360655737704919,-14.916286149162861,-31.912302070645556,-43.93179538615847,-54.40456769983687,-73.25358851674642,-50.089285714285715,-36.47727272727273,화학
332290,누보,0,897,0.0,-8.56269113149847,-7.430340557275541,-29.702194357366775,-23.789294817332202,-21.24670763827919,-57.887323943661976,-60.57142857142858,-26.475409836065573,화학
003830,대한화섬,0,114200,0.17543859649122806,-1.5517241379310345,-0.08748906386701663,-6.316652994257588,-8.493589743589745,15.704154002026344,11.741682974559687,5.7407407407407405,-2.5597269624573378,화학
000070,삼양홀딩스,0,60300,-0.9852216748768473,-0.16556291390728478,9.636363636363637,-14.950634696755994,3.7472901827191083,26.20871530830089,28.906751036812178,34.071504802561364,4.6875,화학
298000,효성화학,0,57900,3.392857142857143,-20.137931034482758,-25.578406169665808,-25.578406169665808,-25.578406169665808,-31.88235294117647,-69.9688796680498,-82.45454545454545,-25.578406169665808,화학
163560,동일고무벨트,0,5580,-0.35714285714285715,-6.844741235392321,-9.562398703403566,-18.421052631578945,-19.71223021582734,-24.49255751014885,-13.622291021671826,-16.84053651266766,-18.777292576419214,화학
014440,영보화학,0,4745,0.9574468085106382,3.376906318082789,4.630650496141125,0.10548523206751054,7.231638418079096,42.27886056971514,38.54014598540146,19.82323232323232,-1.7598343685300208,화학
002100,경농,0,9200,-0.21691973969631237,-1.2875536480686696,1.3215859030837005,-5.834186284544525,-2.4390243902439024,1.6574585635359116,-8.0,-12.796208530805686,-1.1815252416756177,화학
003080,SB성보,0,2235,0.0,-1.9736842105263157,0.44943820224719105,-15.819209039548024,-20.32085561497326,-15.819209039548024,-27.07993474714519,-34.26470588235294,-20.17857142857143,화학
097870,효성오앤비,0,4545,-2.3630504833512354,-1.088139281828074,-9.46215139442231,-30.71646341463415,-30.71646341463415,-31.447963800904976,-43.610421836228284,-54.18346774193549,-24.25,화학
217910,에스제이켐,0,268,-5.633802816901409,-9.152542372881356,-15.987460815047022,-23.20916905444126,-27.173913043478258,-45.08196721311475,-41.098901098901095,-10.367892976588628,-33.827160493827165,화학
027580,상보,0,1600,-1.5990159901599015,-12.13618890719385,-3.0303030303030303,-44.05594405594406,-65.95744680851064,-74.4,-83.14902580305424,-80.24691358024691,-54.6742209631728,화학
177350,베셀,0,1600,-13.978494623655912,15.107913669064748,21.580547112462007,-26.806953339432756,-44.05594405594406,-35.8974358974359,-86.09662843239485,-91.23287671232877,-34.42622950819672,화학
101240,씨큐브,0,3460,-4.0221914008321775,7.620528771384137,4.374057315233785,-11.16816431322208,-21.274175199089875,-33.84321223709369,-38.22531690769505,-48.80899541352271,-17.912218268090154,화학
013000,세우글로벌,0,1190,-1.5715467328370554,-7.03125,-10.256410256410255,4.203152364273205,11.214953271028037,-8.531898539584935,-13.202042304886943,-22.475570032573287,0.33726812816188867,화학
036670,삼양케이씨아이,0,5030,-1.7578125,-1.1787819253438114,-4.734848484848484,-15.46218487394958,-23.78787878787879,-31.19015047879617,-33.28912466843501,-45.147219193020725,-22.13622291021672,화학
103660,씨앗,0,1490,-6.758448060075094,-25.46273136568284,-13.82301908617698,49.0,24.166666666666668,40.96499526963103,-37.39495798319328,-74.95798319327731,35.94890510948905,화학
045060,오공,0,2110,-3.4324942791762014,0.0,6.565656565656567,-5.168539325842696,-16.765285996055226,-21.561338289962826,-30.706075533661743,-39.88603988603989,-10.212765957446807,화학
048830,엔피케이,0,1019,-0.5853658536585366,0.19665683382497542,29.150823827629914,12.846068660022148,-8.936550491510276,-11.236933797909408,-43.91854705558613,-52.27166276346604,7.602956705385427,화학
002840,미원상사,0,129200,0.6230529595015576,4.870129870129871,1.4128728414442702,-8.498583569405099,-13.462826523777629,-37.28155339805825,-19.501557632398754,-25.959885386819487,-14.038589487691283,화학
136410,아셈스,0,4020,-2.4271844660194173,-20.55335968379447,-26.508226691042047,-48.39537869062901,-62.394761459307766,-39.45783132530121,-54.109589041095894,-68.95752895752895,-59.75975975975976,화학
196700,웹스,0,1345,-1.6093635698610096,-2.536231884057971,12.646566164154105,-43.60587002096436,-8.316291751874575,1.739788199697428,-38.0184331797235,-57.637795275590555,-37.00234192037471,화학
010640,진양폴리,0,1916,-12.511415525114156,11.460151250727167,-12.909090909090908,-27.424242424242422,-44.97415278575531,-65.15730132751409,-59.57805907172996,-58.7602238484718,-36.59827928524157,화학
006890,태경케미컬,0,5080,-1.3592233009708738,-11.498257839721255,-20.37617554858934,-42.207053469852106,-46.86192468619247,-53.30882352941176,-60.92307692307693,-57.666666666666664,-37.59213759213759,화학
357550,석경에이티,0,33000,-0.4524886877828055,-5.982905982905983,-25.0,-41.17647058823529,-39.226519337016576,-26.339285714285715,-43.49315068493151,50.34168564920274,-52.991452991452995,화학
286750,나노실리칸첨단소재,0,2580,-10.880829015544041,-9.473684210526317,-4.017857142857143,-14.85148514851485,-29.003852504127682,-30.64516129032258,-61.14457831325302,-38.27751196172249,-28.333333333333332,화학
107590,미원홀딩스,0,62400,-3.1055900621118013,16.853932584269664,9.090909090909092,-5.0228310502283104,-12.112676056338028,-24.455205811138015,-29.650507328072152,-52.547528517110266,-7.555555555555555,화학
000760,이화산업,0,13900,0.7976794778825236,5.623100303951368,10.933758978451715,-10.32258064516129,11.467522052927025,7.835531419705198,-11.577608142493638,-11.746031746031745,-2.250351617440225,화학
050760,에스폴리텍,0,1231,2.7545909849749584,9.812667261373774,12.112932604735883,5.034129692832765,-24.9390243902439,-24.847374847374848,-38.45,-60.41800643086817,-12.071428571428571,화학
900290,GRT,0,3710,-11.666666666666666,3.0555555555555554,16.483516483516482,-43.61702127659575,18.53035143769968,-0.5361930294906166,16.850393700787404,126.91131498470949,19.292604501607716,화학
006380,카프로,0,147,-95.98360655737706,-95.98360655737706,-95.98360655737706,-95.98360655737706,-95.98360655737706,-95.98360655737706,-97.12890625,-98.90298507462687,-95.98360655737706,화학
336260,두산퓨얼셀,0,53900,39.276485788113696,61.6191904047976,-23.54609929078014,17.046688382193267,113.88888888888889,215.94372801875733,124.58333333333333,57.14285714285714,86.82842287694974,에너지장비및서비스
005090,SGC에너지,0,57700,6.0661764705882355,2.6690391459074734,10.53639846743295,-8.846761453396525,147.6394849785408,109.43738656987296,116.10486891385767,64.85714285714286,162.87015945330296,에너지장비및서비스
322000,HD현대에너지솔루션,0,143100,7.918552036199094,18.952618453865338,-6.470588235294119,17.1990171990172,180.03913894324853,519.4805194805194,395.15570934256056,87.05882352941177,161.6087751371115,에너지장비및서비스
136150,원일티엔아이,0,8260,13.93103448275862,9.114927344782034,-26.25,-52.19907407407407,-64.39655172413794,,,,-55.08428493746601,에너지장비및서비스
098070,한텍,0,26850,17.505470459518598,-2.185792349726776,-11.092715231788079,-36.599763872491145,-45.20408163265306,,,,-12.965964343598054,에너지장비및서비스
009830,한화솔루션,0,30800,1.65016501650165,-12.624113475177303,-11.62630552048663,-32.94873190377708,12.795722551820113,40.14651681303181,-2.2346368715083798,-51.44100397300877,21.84508268059182,에너지장비및서비스
112610,씨에스윈드,0,50800,11.525795828759605,11.894273127753303,25.27743526510481,-8.303249097472925,18.277066356228172,-8.468468468468467,-14.18918918918919,-21.604938271604937,22.115384615384613,에너지장비및서비스
475150,SK이터닉스,0,53200,4.518664047151278,3.7037037037037033,31.1960542540074,35.19695044472681,139.1011235955056,269.44444444444446,,,157.00483091787441,에너지장비및서비스
100840,SNT에너지,0,38000,21.21212121212121,32.40418118466899,15.326251896813353,-15.64927857935627,-36.7720465890183,205.4662379421222,389.2493884382644,377.0273663068039,3.825136612021858,에너지장비및서비스
044490,태웅,0,36150,-2.953020134228188,12.968750000000002,14.94435612082671,-26.149131767109296,2.9914529914529915,173.24263038548753,72.14285714285714,208.97435897435898,40.3883495145631,에너지장비및서비스
282720,금양그린파워,0,7640,4.229195088676671,-5.093167701863354,-2.67515923566879,-49.63744232036915,-14.827201783723524,-21.155830753353975,-44.83754512635379,,-32.08888888888889,에너지장비및서비스
009835,한화솔루션우,0,17290,-1.2,-5.415754923413567,-8.1833147469598,-33.53067814854682,-12.984398590840463,-6.61625708884688,-23.73180414644905,-63.28229522818493,-9.910379324718633,에너지장비및서비스
389260,대명에너지,0,13320,4.881889763779528,-8.891928864569083,-4.9928673323823105,-33.89578163771712,-42.832618025751074,12.310286677908937,-46.398390342052316,-56.03960396039604,-29.894736842105264,에너지장비및서비스
046120,오르비텍,0,6180,43.38747099767982,23.723723723723726,-11.840228245363766,-27.122641509433965,66.35262449528938,180.9090909090909,30.655391120507396,-2.3696682464454977,61.35770234986945,에너지장비및서비스
457550,우진엔텍,0,14660,15.161036920659859,-4.183006535947712,-30.19047619047619,-48.651488616462345,-40.16326530612245,-8.944099378881988,,,-27.425742574257427,에너지장비및서비스
137950,제이씨케미칼,0,3970,6.577181208053691,20.85235920852359,29.31596091205212,-2.337023370233702,10.584958217270195,-17.377731529656607,-51.22850122850123,-51.108374384236456,24.0625,에너지장비및서비스
095910,에스에너지,0,628,2.2801302931596092,-8.853410740203193,-52.60377358490565,-65.8695652173913,-54.059985369422094,-52.88822205551388,-62.59678379988088,-88.64170736118648,-32.25458468176915,에너지장비및서비스
083650,비에이치아이,0,66700,11.912751677852349,18.89483065953654,7.580645161290322,-35.61776061776062,24.20856610800745,807.482993197279,836.7977528089888,600.6302521008404,27.533460803059274,에너지장비및서비스
180060,탑선,0,4365,-8.872651356993737,-12.7,-27.250000000000004,-38.43441466854725,-56.48055832502492,-46.441717791411044,-55.90909090909091,-63.319327731092436,-39.29068150208623,에너지장비및서비스
100090,SK오션플랜트,0,13010,8.416666666666666,-7.071428571428571,-14.5203679369251,-32.38045738045738,-45.56485355648536,-4.967129291453616,-36.381418092909534,-50.34351145038168,-35.75308641975309,에너지장비및서비스
270520,앱튼,0,3025,13.084112149532709,-17.574931880108995,212.5,49.01477832512315,-72.52497729336966,-74.91708126036484,-91.21150493898897,-67.92152704135736,-12.82420749279539,에너지장비및서비스
100130,동국S&C,0,1356,-0.07369196757553427,-12.853470437017995,-13.520408163265307,-35.581947743467936,-42.17484008528785,-47.33980582524272,-56.883942766295704,-80.31930333817127,-33.52941176470588,에너지장비및서비스
224760,엔에스컴퍼니,0,2535,0.0,14.965986394557824,-3.795066413662239,9.032258064516128,-20.78125,-32.30974632843792,-42.05714285714286,5.625,-12.435233160621761,에너지장비및서비스
379390,이성씨엔아이,0,5600,0.0,0.35842293906810035,3.7037037037037033,10.891089108910892,-1.7543859649122806,-40.42553191489361,-41.66666666666667,-42.2680412371134,-1.5817223198594026,에너지장비및서비스
099220,SDN,0,511,0.0,-24.40828402366864,-46.21052631578947,-57.45212323064113,-58.455284552845534,-58.58995137763371,-66.38157894736842,-80.71698113207547,-52.46511627906977,에너지장비및서비스
018000,유니슨,0,1231,-2.6877470355731226,23.1,37.69574944071588,4.322033898305085,27.82969885773624,87.65243902439023,-3.147128245476003,-40.617462614568254,2.497918401332223,에너지장비및서비스
038870,에코심플렉스,0,1856,0.760043431053203,1.8102029621503017,-3.784344219803007,-37.2972972972973,-51.47712418300654,-54.34194341943419,-65.62962962962963,-70.11272141706925,-40.12903225806452,에너지장비및서비스
043200,파루,0,1191,0.25252525252525254,16.30859375,-21.541501976284586,-33.23991031390135,-46.35135135135135,7.685352622061482,-17.862068965517242,-42.18446601941748,-23.161290322580644,에너지장비및서비스
126720,수산인더스트리,0,22250,6.205250596658711,-4.301075268817205,-7.09812108559499,-24.061433447098977,-2.4122807017543857,8.536585365853659,6.971153846153847,-18.198529411764707,5.200945626477541,에너지장비및서비스
060900,에이전트AI,0,3465,-7.723035952063914,-20.8,-30.42168674698795,-46.90468893656144,-70.61567164179104,-70.67287346593314,-89.35091277890467,-96.21795081698812,-74.77982385908727,에너지장비및서비스
101970,우양에이치씨,0,10360,2.982107355864811,1.4691478942213516,25.2720677146312,-18.99921813917123,-42.12290502793296,,,,-10.458081244598098,에너지장비및서비스
115530,씨엔플러스,0,2845,-11.508553654743391,14.257028112449799,62.385844748858446,-9.394904458598727,-33.05882352941176,-53.43698854337152,-39.596602972399154,-53.284072249589485,-15.578635014836795,에너지장비및서비스
082740,한화엔진,0,49150,10.078387458006718,5.81270182992465,-1.8962075848303395,-1.0070493454179255,14.702450408401399,303.8619556285949,401.01936799184506,494.316807738815,14.435389988358557,조선
217590,티엠씨,0,11040,6.873184898354308,-22.198731501057082,-50.38202247191011,-28.35820895522388,,,,,-27.03238598810311,조선
460930,현대힘스,0,13960,7.550077041602465,-10.282776349614396,4.883546205860256,-24.006532389765923,-52.109777015437395,30.834114339268982,,,-21.08535895986433,조선
071970,HD현대마린엔진,0,52800,7.865168539325842,-10.81081081081081,-15.248796147672552,-35.13513513513514,-40.20385050962628,206.08695652173913,384.4036697247706,1040.388768898488,-41.00558659217877,조선
333430,일승,0,3990,10.526315789473683,-3.8554216867469884,4.041720990873533,-33.72093023255814,-50.31133250311333,35.25423728813559,10.37344398340249,-22.674418604651162,-33.053691275167786,조선
329180,HD현대중공업,0,463500,9.834123222748815,-12.87593984962406,-28.25077399380805,-22.231543624161073,-8.035714285714286,160.53962900505903,270.2076677316294,264.96062992125985,-8.93909626719057,조선
077970,STX엔진,0,24400,5.172413793103448,-17.706576728499158,-22.906793048973142,-28.86297376093295,-44.54545454545455,31.607335490830636,76.93981145757796,58.44155844155844,-28.235294117647058,조선
267250,HD현대,0,255000,21.71837708830549,12.831858407079647,3.8696537678207736,-2.857142857142857,73.46938775510205,232.4641460234681,277.77777777777777,325.0,35.278514588859416,조선
009540,HD한국조선해양,0,356000,8.042488619119878,-11.881188118811881,-5.193075898801598,-14.423076923076922,-14.009661835748794,108.67526377491208,199.66329966329965,304.08626560726447,-12.530712530712531,조선
014940,오리엔탈정공,0,4665,2.302631578947368,-4.795918367346939,-10.973282442748092,-39.806451612903224,-60.230179028132994,19.92287917737789,44.651162790697676,37.4079528718704,-39.494163424124515,조선
096350,대창솔루션,0,2025,9.45945945945946,8.695652173913043,8.812466415905428,-16.32231404958678,-23.295454545454543,3.8461538461538463,-35.714285714285715,6.578947368421052,-13.276231263383298,조선
042660,한화오션,0,88100,7.439024390243902,-6.673728813559323,-15.69377990430622,-35.64645726807889,-19.90909090909091,192.6910299003322,186.60659097563357,437.4900860228174,-22.44718309859155,조선
439260,대한조선,0,48150,8.202247191011235,-4.841897233201581,-19.75,-52.60826771653543,-40.18633540372671,,,,-28.134328358208954,조선
054540,삼영엠텍,0,6720,6.497622820919176,-4.545454545454546,-21.034077555816687,-45.85012087026591,-45.18760195758564,66.54275092936803,72.3076923076923,36.58536585365854,-51.12727272727273,조선
073010,케이에스피,0,2790,2.952029520295203,-3.4602076124567476,-20.057306590257877,-29.45638432364096,-59.6820809248555,-24.390243902439025,1.7134524243528984,14.909390444810544,-33.57142857142857,조선
010140,삼성중공업,0,21600,8.324974924774322,-4.212860310421286,-14.624505928853754,-29.64169381107492,2.6128266033254155,119.95926680244399,162.45443499392468,281.62544169611306,-10.37344398340249,조선
075580,세진중공업,0,10450,5.769230769230769,-9.758203799654577,-29.81867024848892,-42.073170731707314,-54.66377440347071,45.94972067039106,81.10918544194108,40.08042895442359,-39.94252873563218,조선
108380,대양전기공업,0,18700,9.420713867758923,3.0303030303030303,1.1904761904761905,-34.27065026362039,-36.610169491525426,64.03508771929825,65.48672566371681,39.55223880597015,-32.49097472924188,조선
101930,인화정공,0,6450,-0.15479876160990713,-14.795244385733158,-26.11683848797251,-36.01190476190476,-40.825688073394495,61.97890507282773,179.94791666666669,106.0702875399361,-30.1948051948052,조선
103230,에스앤더블류,0,2390,2.575107296137339,-9.640831758034027,-12.454212454212454,-36.096256684491976,-51.02459016393443,-31.71428571428571,-49.63119072708114,-4.590818363273453,-42.54807692307692,조선
099410,동방선기,0,3300,1.3824884792626728,5.769230769230769,-9.58904109589041,-36.660268714011515,-42.608695652173914,25.0,30.693069306930692,-2.366863905325444,-26.82926829268293,조선
017960,한국카본,0,22600,2.0316027088036117,-7.186858316221765,-27.68,-51.4500537056928,-32.03007518796993,109.25925925925925,69.28838951310861,63.1768953068592,-24.288107202680067,조선
038010,제일테크노스,0,5330,-2.5594149908592323,-1.478743068391867,-7.7854671280276815,-10.869565217391305,-26.279391424619643,-19.849624060150376,-38.594470046082954,-33.54114713216958,-8.732876712328768,조선
085310,엔케이,0,9120,-1.0845986984815619,-2.1459227467811157,-2.4598930481283423,-11.798839458413926,-34.623655913978496,16.3265306122449,-11.370262390670554,-9.702970297029703,-21.85089974293059,조선
054180,메디콕스,0,2295,0.0,0.0,0.0,0.0,0.0,-65.3061224489796,-88.41786525359576,-97.27126805778491,0.0,조선
065570,삼영이엔씨,0,764,0.0,0.0,0.0,0.0,0.0,-49.73684210526316,-84.34426229508196,-90.5679012345679,0.0,조선
092460,한라IMS,0,16670,-1.5938606847697756,-9.500542888165038,-9.451385116784357,2.5846153846153843,-5.068337129840547,165.02384737678855,185.93481989708405,211.588785046729,-1.9411764705882355,조선
443060,HD현대마린솔루션,0,210500,5.778894472361809,2.93398533007335,-14.25661914460285,21.606008087810512,-2.0930232558139537,106.98131760078662,,,8.785529715762273,조선
101000,KS인더스트리,0,1236,59.27835051546392,45.24089306698003,-18.14569536423841,-56.72268907563025,-80.94063222821897,-81.33212505663798,-78.88983774551666,-85.80778504994832,-31.750414135836554,조선
012210,삼미금속,0,13030,57.74818401937046,84.03954802259888,49.25544100801833,-24.332171893147503,217.0316301703163,320.3225806451613,837.4100719424459,,22.577610536218252,기계
099440,스맥,0,4300,12.7129750982962,6.699751861042183,32.5115562403698,-19.776119402985074,-1.82648401826484,75.94108019639934,-4.444444444444445,149.7096399535424,-36.671575846833576,기계
015590,DKME,0,1808,31.87454412837345,8.85009030704395,-12.657004830917876,-29.78640776699029,-29.78640776699029,-17.63097949886105,-60.65288356909685,-6.563307493540052,-29.78640776699029,기계
108490,로보티즈,0,310000,25.506072874493928,25.506072874493928,8.202443280977311,19.922630560928432,229.53832743353425,1680.3813461980244,917.0603674540682,1475.9239489603985,18.773946360153257,기계
105840,우진,0,15660,23.11320754716981,3.2300593276203036,-10.76923076923077,-44.56637168141593,37.97356828193833,103.11284046692606,55.82089552238806,38.58407079646018,-8.260105448154658,기계
452280,한선엔지니어링,0,10810,8.53413654618474,-19.56845238095238,-52.16814159292036,-34.80096501809409,25.406032482598604,-11.247947454844006,,,26.580796252927403,기계
297090,씨에스베어링,0,4300,8.448928121059268,9.83397190293742,-0.5780346820809248,-41.97031039136302,-36.20178041543027,-17.307692307692307,-62.28070175438597,-60.909090909090914,-28.807947019867548,기계
474650,링크솔루션,0,26500,16.740088105726873,1.532567049808429,-30.718954248366014,-59.541984732824424,13.978494623655912,,,,-55.833333333333336,기계
014620,성광벤드,0,34250,15.126050420168067,19.755244755244757,22.759856630824373,-3.248587570621469,1.3313609467455623,138.1780250347705,117.0468948035488,106.94864048338368,33.00970873786408,기계
079900,전진건설로봇,0,43100,15.39491298527443,24.746743849493487,-14.990138067061142,-23.716814159292035,-10.766045548654244,159.63855421686748,,,-10.114702815432743,기계
389500,에스비비테크,0,38800,10.699001426533524,5.434782608695652,-30.341113105924595,-23.16831683168317,76.76537585421413,133.31328923631992,-35.86776859504132,,7.330567081604427,기계
023160,태광,0,28100,13.765182186234817,13.535353535353536,7.662835249042145,-8.31973898858075,7.869481765834934,108.14814814814815,47.506561679790025,53.97260273972603,29.493087557603687,기계
454910,두산로보틱스,0,72400,9.696969696969697,-3.0789825970548863,-33.76029277218664,-19.106145251396647,17.91530944625407,13.302034428794993,,,-7.179487179487179,기계
090360,로보스타,0,78100,8.022130013831259,-8.654970760233919,-26.528692380056444,18.15431164901664,167.46575342465752,251.8018018018018,111.08108108108108,308.9005235602094,-2.4968789013732833,기계
049430,코메론,0,22650,9.420289855072465,10.757946210268948,25.833333333333336,19.841269841269842,103.32136445242371,141.2140575079872,156.5118912797282,144.60043196544277,62.48206599713056,기계
159010,아스플로,0,24200,0.4149377593360996,19.801980198019802,30.669546436285096,393.8775510204082,580.731364275668,237.98882681564243,101.66666666666666,155.27426160337552,407.8698845750262,기계
388720,유일로보틱스,0,66300,4.90506329113924,-9.178082191780822,-20.503597122302157,-40.59139784946236,-8.928571428571429,128.6206896551724,156.9767441860465,105.58139534883722,-20.3125,기계
267270,HD건설기계,0,143000,14.67522052927025,-0.5563282336578581,-0.06988120195667365,8.49772382397572,50.68493150684932,202.32558139534885,101.40845070422534,291.2448700410397,45.32520325203252,기계
199430,케이엔알시스템,0,18850,13.759806879903442,26.00267379679144,26.51006711409396,-27.500000000000004,36.39652677279305,132.42909987669543,,,-30.44280442804428,기계
277810,레인보우로보틱스,0,445500,2.0618556701030926,-8.895705521472392,-26.36363636363636,-40.67909454061252,59.964093357271096,238.0121396054628,110.14150943396226,1428.301886792453,-5.313496280552603,기계
039610,화성밸브,0,6180,12.979890310786105,14.444444444444443,-1.9047619047619049,-24.54212454212454,-38.2,-48.45704753961635,12.363636363636363,-24.449877750611247,-23.891625615763548,기계
048770,TPC로보틱스,0,4435,38.59375,37.51937984496124,5.469678953626635,43.76012965964344,131.83481442760063,67.67485822306239,-8.178053830227745,8.43520782396088,45.88815789473684,기계
015230,대창단조,0,6870,12.071778140293638,16.0472972972973,14.119601328903656,7.34375,2.998500749625187,41.067761806981515,2.844311377245509,27.458256029684602,8.874801901743265,기계
010660,화천기계,0,3270,13.937282229965156,12.178387650085764,15.957446808510639,-45.22613065326633,-29.978586723768736,20.441988950276244,-12.916111850865514,2.507836990595611,-34.990059642147116,기계
034020,두산에너빌리티,0,91700,19.712793733681462,14.768460575719649,3.4988713318284423,-13.896713615023474,47.42765273311897,445.8333333333333,444.21364985163206,415.16853932584274,21.779548472775563,기계
282880,코윈테크,0,10140,0.9960159362549801,0.09871668311944717,-17.089125102207685,-32.17391304347826,-20.226575407127683,-21.650440426518315,-72.52255914153321,-59.96841689696013,-36.74360573923893,기계
000490,대동,0,8190,3.018867924528302,5.0,9.345794392523365,-19.548133595284874,-17.18907987866532,-1.680672268907563,-55.46492659053833,-28.471615720524017,-15.479876160990713,기계
117730,티로보틱스,0,13190,3.858267716535433,-10.636856368563684,-16.040738383195414,-34.050000000000004,14.695652173913043,67.38578680203045,-63.207810320781036,84.21787709497207,-34.864197530864196,기계
056190,SFA,0,24450,3.6016949152542375,8.908685968819599,-2.1999999999999997,-15.397923875432525,4.264392324093817,1.2422360248447204,-25.796661608497722,-39.778325123152705,4.487179487179487,기계
090710,휴림로봇,0,6400,4.234527687296417,-13.161465400271371,-44.54072790294627,-47.194719471947195,138.80597014925374,380.1200300075019,28.772635814889334,-3.2062915910465817,-14.093959731543624,기계
008830,대동기어,0,6560,5.806451612903226,4.1269841269841265,-34.294871794871796,-52.415493979399386,-37.896430938180444,42.98169136878814,-4.55405208788011,23.913864752550058,-41.24496193461711,기계
480370,씨케이솔루션,0,1619,14.014084507042254,13.853727144866385,-0.6748466257668712,-40.47794117647059,-54.13597733711049,,,,-43.013023583245335,기계
101170,우림피티에스,0,7980,5.555555555555555,-6.557377049180328,-14.743589743589745,-43.0,49.1588785046729,45.62043795620438,8.867667121418826,1.1406844106463878,-54.03225806451613,기계
017550,수산세보틱스,0,1899,4.512933406714365,3.1504617055947857,-16.710526315789473,-0.9389671361502347,-0.21019442984760903,13.644524236983843,-20.37735849056604,-31.44404332129964,15.370595382746052,기계
241560,두산밥캣,0,63600,5.647840531561462,-2.0030816640986133,-1.2422360248447204,5.298013245033113,17.56007393715342,54.93300852618758,20.226843100189036,94.4954128440367,10.22530329289428,기계
053080,케이엔솔,0,9000,4.166666666666666,2.1566401816118046,-19.786096256684495,-23.922231614539307,-18.625678119349008,-43.53826850690088,-64.14342629482071,-19.642857142857142,-24.30613961312027,기계
053160,프리엠스,0,10490,8.592132505175984,13.651137594799568,36.76662320730117,36.76662320730117,31.125000000000004,13.160733549083064,32.11586901763224,37.664041994750654,54.49189985272459,기계
017800,현대엘리베이터,0,75700,3.983516483516483,3.1335149863760217,-4.659949622166247,-13.879408418657565,-4.899497487437186,80.66825775656325,80.66825775656325,175.77413479052822,-14.269535673839185,기계
003010,혜인,0,8760,-7.9831932773109235,47.72344013490725,86.38297872340426,62.52319109461967,61.32596685082873,83.26359832635984,53.41506129597198,30.74626865671642,64.97175141242938,기계
319400,현대무벡스,0,22000,1.3824884792626728,-10.204081632653061,-46.07843137254902,-29.03225806451613,192.5531914893617,669.2307692307693,470.6874189364462,630.8970099667774,17.083555082490687,기계
109860,동일금속,0,7500,2.0408163265306123,1.7639077340569878,1.6260162601626018,3.7344398340248963,-7.4074074074074066,-16.75915649278579,-26.39842983316977,-64.87119437939111,-5.422446406052964,기계
089140,넥스턴앤롤코리아,0,2095,-1.179245283018868,-9.698275862068966,-19.423076923076923,-9.698275862068966,-11.040339702760086,-26.49122807017544,-71.91689008042896,-81.25950442794525,-3.67816091954023,기계
050860,아세아텍,0,1703,0.6501182033096926,1.6109785202863964,-3.567383918459796,-16.314496314496317,-18.321342925659472,-20.234192037470727,-34.875717017208416,-40.76521739130435,-9.798728813559322,기계
086670,비엠티,0,17090,3.450363196125908,-5.055555555555555,11.699346405228757,24.744525547445257,40.427280197206244,84.95670995670996,19.260293091416607,6.4797507788162,46.69527896995708,기계
019990,에너토크,0,5550,14.669421487603307,11.22244488977956,-7.190635451505016,-38.67403314917127,-30.970149253731343,-6.722689075630252,-20.827389443651924,-47.14285714285714,-21.052631578947366,기계
484810,티엑스알로보틱스,0,13520,2.0377358490566038,-17.560975609756095,11.643270024772914,-17.811550151975684,-26.039387308533918,,,,-14.538558786346398,기계
413630,씨피시스템,0,3970,-4.452466907340553,-3.2886723507917175,53.875968992248055,-0.12578616352201258,52.98651252408478,45.155393053016454,20.12102874432678,23.522090852520225,-12.651265126512651,기계
056080,유진로봇,0,12390,8.875219683655535,-6.490566037735849,-34.72075869336143,-56.14159292035398,16.22889305816135,121.24999999999999,-22.899813316739266,154.93827160493828,-13.958333333333334,기계
140670,알에스오토메이션,0,10300,3.5175879396984926,-4.275092936802974,-10.356832027850304,-44.20368364030336,-16.968964127367997,-1.1611169753382593,-39.727309965474866,-17.771036244611206,-37.00305810397553,기계
011700,한신기계,0,2650,14.224137931034484,1.9230769230769231,-1.303538175046555,-46.41051567239636,-29.333333333333332,-16.535433070866144,-50.37453183520599,-65.03957783641161,-13.2569558101473,기계
041440,현대에버다임,0,6790,5.763239875389408,4.301075268817205,-10.540184453227932,-19.45432977461447,-15.442092154420923,-14.050632911392405,-4.096045197740112,-0.5856515373352855,-17.39659367396594,기계
104460,디와이피엔에프,0,7290,-5.201560468140442,-17.81285231116122,-26.214574898785425,-52.29057591623037,-54.15094339622642,-39.752066115702476,-67.45535714285714,-83.0267753201397,-47.70444763271162,기계
317850,대모,0,6200,10.714285714285714,2.479338842975207,-7.87518573551263,-27.654609101516918,-14.951989026063101,-35.550935550935556,-43.585077343039124,-9.090909090909092,-22.208281053952323,기계
059270,해성에어로보틱스,0,5240,-2.4208566108007448,-15.210355987055015,-30.133333333333333,-51.301115241635685,-13.815789473684212,-38.13459268004723,-30.96179183135705,-29.946524064171122,-44.957983193277315,기계
036890,진성티이씨,0,12890,2.301587301587302,-10.857538035961273,-14.352159468438538,-27.175141242937855,0.23328149300155523,61.93467336683417,9.144792548687553,32.88659793814433,-4.58919319022946,기계
013810,스페코,0,1579,0.3814367450731087,-2.350030921459493,-14.64864864864865,-43.40501792114696,-42.686025408348456,-52.15151515151515,-59.40874035989717,-72.86941580756013,-33.23467230443974,기계
317830,에스피시스템스,0,4470,-2.2950819672131146,-13.372093023255813,-28.25040128410915,-56.89488910318226,-54.75708502024291,-16.448598130841123,-70.39735099337749,-54.15384615384615,-67.32456140350878,기계
210540,디와이파워,0,11480,0.8787346221441126,0.17452006980802792,-6.2857142857142865,-18.175338560228084,-9.535066981875492,-4.888152444076222,-13.358490566037737,0.26200873362445415,-14.519731943410275,기계
002900,TYM,0,7040,1.7341040462427744,2.3255813953488373,15.032679738562091,2.7737226277372264,15.40983606557377,134.27620632279533,10.69182389937107,-12.350597609561753,11.92368839427663,기계
138360,앤로보틱스,0,1682,-0.35545023696682465,-15.9,-28.577494692144374,-1.8669778296382729,112.10592686002524,110.77694235588973,74.84407484407485,-62.45535714285714,67.363184079602,기계
008470,부스타,0,1696,0.6528189910979229,-15.2,6.532663316582915,-8.423326133909287,-14.213454729387962,-15.705765407554672,-28.589473684210525,-33.75,-16.03960396039604,기계
051490,나라엠앤디,0,2715,2.0676691729323307,-2.862254025044723,-1.9855595667870036,-24.47844228094576,-34.499396863691196,-40.0,-58.92586989409985,-59.11144578313253,-30.205655526992288,기계
381620,제닉스로보틱스,0,5980,2.9259896729776247,-8.141321044546851,-26.894865525672373,-42.333654773384765,-41.65853658536585,,,,-52.46422893481717,기계
036560,KZ정밀,0,12280,0.903861955628595,-1.9169329073482428,0.6557377049180327,-8.902077151335313,-22.52365930599369,32.18514531754575,-10.820624546114741,18.647342995169083,-18.51360318513603,기계
459510,나우로보틱스,0,14400,2.9306647605432454,-15.542521994134898,-23.240938166311302,-38.59275053304904,-24.010554089709764,,,,-32.23529411764706,기계
024880,케이피에프,0,3795,0.9308510638297872,-3.5578144853875475,-9.9644128113879,-39.18269230769231,-30.87431693989071,-5.125,-32.95053003533569,-58.25082508250825,-27.15930902111324,기계
010240,흥국,0,5410,1.3108614232209739,-1.9927536231884055,1.6917293233082706,3.0476190476190474,5.6640625,13.061650992685475,-12.741935483870966,-12.88244766505636,4.038461538461538,기계
043220,티에스넥스젠,0,1710,0.0,0.0,0.0,0.0,0.0,-65.31440162271805,-71.11486486486487,-84.8,0.0,기계
049800,우진플라임,0,1865,0.5390835579514826,5.011261261261262,0.2688172043010753,-26.13861386138614,-12.44131455399061,-14.449541284403669,-46.79029957203994,-59.80603448275862,-2.356020942408377,기계
068240,다원시스,0,2530,0.0,0.0,0.0,1.8108651911468814,-63.17321688500728,-75.71976967370442,-82.66054417106436,-86.85031185031184,4.545454545454546,기계
071670,에이테크솔루션,0,4965,0.7099391480730223,-5.787476280834915,-16.131756756756758,-45.25909592061742,-17.79801324503311,-23.142414860681114,-57.01298701298702,-57.56410256410256,-51.84287099903007,기계
073640,테라사이언스,0,654,0.0,0.0,0.0,0.0,0.0,0.0,-70.99778270509978,-59.504643962848306,0.0,기계
074610,이엔플러스,0,5110,0.0,0.0,0.0,0.0,0.0,-68.53448275862068,-92.89290681502086,-83.8801261829653,0.0,기계
100660,서암기계공업,0,3110,2.6402640264026402,4.3624161073825505,-5.32724505327245,-30.269058295964125,-15.945945945945947,-17.941952506596305,-41.320754716981135,-49.9194847020934,-30.734966592427615,기계
119500,포메탈,0,2455,1.6563146997929608,-3.536345776031434,-16.779661016949152,-41.26794258373206,-18.70860927152318,-8.05243445692884,-35.900783289817234,-46.746203904555315,-29.046242774566473,기계
496320,본시스템즈,0,1023000,0.0,0.0,0.0,58.850931677018636,5725.740318906606,,,,1442.9864253393666,기계
108230,톱텍,0,3290,5.617977528089887,2.1739130434782608,-5.187319884726225,-23.310023310023308,-29.399141630901287,-45.166666666666664,-62.61363636363636,-50.15151515151515,-28.00875273522976,기계
348340,뉴로메카,0,18200,12.276372609500308,-12.077294685990339,-37.51287509441736,-58.658913320007265,19.375573921028465,27.898805340829234,-33.75796178343949,,-12.918660287081341,기계
101680,한국정밀기계,0,2730,-4.712041884816754,2.631578947368421,28.47058823529412,-11.507293354943274,22.696629213483146,18.43817787418655,-9.75206611570248,89.58333333333334,20.0,기계
114920,대주이엔티,0,2495,-13.667820069204154,-12.609457092819614,-4.588910133843212,-15.423728813559324,4.831932773109244,-10.57347670250896,74.71988795518207,37.46556473829201,-0.2,기계
138070,신진에스엠,0,1494,-0.333555703802535,-0.8626410086264101,11.492537313432836,-14.92027334851936,-33.15436241610738,-39.63636363636363,-47.394366197183096,-53.602484472049696,-28.857142857142858,기계
013030,하이록코리아,0,33850,1.957831325301205,-3.0085959885386817,2.1116138763197587,-9.491978609625669,-7.5136612021857925,38.72950819672131,27.25563909774436,37.60162601626016,10.08130081300813,기계
043340,에쎈테크,0,815,-2.3952095808383236,-11.700975081256772,1.7478152309612984,-12.365591397849462,-18.986083499005964,-18.824701195219124,-45.375335120643435,-57.3744769874477,1.1166253101736971,기계
105740,디케이락,0,7850,-0.1272264631043257,5.937921727395412,16.296296296296298,-19.321685508735868,-23.33984375,-0.6329113924050633,-25.733207190160833,-27.314814814814813,-19.072164948453608,기계
000850,화천기공,0,35900,0.5602240896358543,6.21301775147929,11.145510835913312,-3.6241610738255035,18.28665568369028,29.136690647482016,5.588235294117648,9.451219512195122,-1.2379642365887207,기계
466100,클로봇,0,23450,-0.42462845010615713,-28.067484662576685,-31.32431324313243,-55.5517646612836,-4.038957318819823,,,,-60.70183670733342,기계
439960,코스모로보틱스,0,12280,0.9868421052631579,-32.378854625550666,-38.56928464232116,,,,,,,기계
095190,신화프리텍,0,1871,2.40831964969896,-6.91542288557214,-0.21333333333333335,-21.054852320675106,-6.45,-9.83132530120482,-26.914062500000004,-51.96405648267009,-9.394673123486683,기계
019210,와이지-원,0,13530,5.373831775700935,-26.5073329712113,-5.119214586255259,-1.885424220449601,148.71323529411765,166.8639053254438,144.22382671480145,98.97058823529412,155.28301886792454,기계
092440,기신정기,0,1961,-2.1945137157107233,4.586666666666667,3.8665254237288136,-13.23008849557522,-22.18253968253968,-22.02783300198807,-39.1937984496124,-46.63945578231293,-15.291576673866093,기계
060310,3S,0,1159,3.2056990204808544,5.844748858447488,-4.214876033057851,-9.026687598116169,-34.07281001137656,-41.19736174530695,-53.73253493013972,-59.190140845070424,-25.466237942122188,기계
044780,에이치케이,0,1389,4.357625845229151,6.436781609195402,15.17412935323383,-0.07194244604316546,4.044943820224719,10.76555023923445,-27.65625,-26.70184696569921,2.888888888888889,기계
251630,브이원텍,0,3495,-0.4273504273504274,-7.783641160949868,-13.275434243176178,-43.170731707317074,-39.53287197231834,-25.479744136460553,-77.94952681388013,-54.43285528031291,-37.365591397849464,기계
417970,모델솔루션,0,10350,0.48543689320388345,-9.606986899563319,-25.27075812274368,-44.08427876823339,-2.358490566037736,8.037578288100208,-44.71153846153847,,-60.49618320610687,기계
475400,씨메스로보틱스,0,17210,0.5844535359438925,-16.253041362530414,-29.611451942740285,-58.67947178871549,-36.494464944649444,,,,-48.00604229607251,기계
129920,대성하이텍,0,4975,-3.9575289575289574,-22.868217054263564,-13.628472222222221,-48.498964803312624,11.672278338945006,32.49001331557923,-36.29961587708067,-60.98039215686275,25.157232704402517,기계
007820,엠엑스로보틱스,0,3590,-4.394141145139813,-0.13908205841446453,8.459214501510575,-34.00735294117647,-23.29059829059829,-16.99421965317919,-41.33986928104575,-47.59124087591241,-18.223234624145785,기계
067170,오텍,0,2595,4.008016032064128,12.337662337662337,-4.595588235294118,42.42590559824369,35.935044525929804,-15.362035225048922,-41.90732034922767,-53.394396551724135,38.770053475935825,기계
004380,삼익THK,0,7900,-1.25,-10.430839002267573,-8.246225319396052,-39.23076923076923,-39.23076923076923,-36.951316839585,-55.2636049606433,-51.57830217591174,-39.23076923076923,기계
153890,져스텍,0,11090,5.118483412322275,16.736842105263158,,,,,,,,기계
195990,루트K,0,1229,-6.823351023502654,-6.183206106870228,-32.98800436205017,-57.02797202797203,-65.65120178870878,-83.72616525423729,-81.6457586618877,-90.97385428907168,-72.39442946990117,기계
160190,하이젠알앤엠,0,22400,29.255626081938836,16.545265348595215,-13.513513513513514,-60.70175438596491,-40.74074074074074,109.34579439252336,,,-62.35294117647059,기계
033540,파라텍,0,2970,-10.0,-24.52350698856417,-21.73913043478261,-48.39270199826238,-55.77066269545793,-71.30434782608695,-70.9819247679531,-80.52459016393443,-46.34146341463415,기계
053260,금강철강,0,7990,47.14548802946593,37.2852233676976,63.394683026584865,85.81395348837209,80.15783540022548,69.81934112646121,15.797101449275363,14.306151645207441,101.25944584382871,철강
162300,신스틸,0,2765,70.57371992597162,39.2245720040282,69.94468346650277,68.18734793187348,33.57487922705314,15.208333333333332,-20.88698140200286,,56.83494044242769,철강
002710,TCC스틸,0,12020,10.783410138248847,13.825757575757574,0.6700167504187605,-12.772133526850507,-29.748684979544127,-59.86644407345576,-77.4484052532833,9.272727272727273,-13.649425287356323,철강
023790,동일스틸럭스,0,1682,31.406250000000004,17.212543554006967,53.327256153144944,-6.711037160288408,-76.9114619080302,-25.673884224480776,-44.92468893254748,-65.59623644917161,-44.816272965879264,철강
176590,코나솔,0,2390,9.63302752293578,37.51438434982739,22.00102092904543,-16.433566433566433,-55.243445692883896,-74.43850267379679,-70.49382716049382,-65.7593123209169,-40.175219023779725,철강
001230,동국홀딩스,0,2065,3.925515853044791,5.357142857142857,13.648871766648321,-10.33434650455927,21.90082644628099,19.36416184971098,-20.393215111796454,-15.368852459016393,24.17318099819603,철강
039240,경남스틸,0,1955,1.98226395409494,1.7699115044247788,-8.215962441314554,-20.850202429149796,-36.215334420880914,-29.038112522686028,-36.833602584814216,-40.75757575757576,-28.649635036496353,철강
071090,하이스틸,0,3260,6.535947712418301,3.6565977742448332,8.305647840531561,-9.192200557103064,-26.823793490460158,5.844155844155844,-25.570776255707763,-17.468354430379744,-5.916305916305916,철강
009520,포스코엠텍,0,12840,3.2984714400643607,3.631961259079903,-9.129511677282377,-28.268156424581004,0.3909304143862392,-20.59369202226345,-60.9726443768997,96.03053435114504,-18.682710576314125,철강
021045,대호특수강우,0,2485,-3.3073929961089497,3.5416666666666665,1.4285714285714286,-6.578947368421052,-10.45045045045045,-67.21635883905013,-71.6,-81.24528301886792,-15.905245346869712,철강
005490,POSCO홀딩스,0,337000,2.1212121212121215,0.2976190476190476,-5.865921787709497,0.0,18.661971830985916,1.9667170953101363,-42.19554030874786,39.54451345755693,10.491803278688524,철강
004020,현대제철,0,33650,12.54180602006689,16.43598615916955,4.665629860031104,-9.054054054054054,-6.527777777777779,38.19301848049281,-13.607188703465983,2.2796352583586628,8.373590982286634,철강
009190,대양금속,0,1327,0.9125475285171103,-26.400443704936215,-29.226666666666667,6.330128205128204,-18.588957055214724,-26.685082872928177,-61.25547445255475,-62.08571428571429,2.391975308641975,철강
021040,대호특수강,0,955,-1.5463917525773196,-14.732142857142858,-3.1440162271805274,-22.040816326530614,-27.376425855513308,-47.671232876712324,-61.8,-71.44992526158445,-27.43161094224924,철강
017480,삼현철강,0,4875,3.283898305084746,0.20554984583761562,-3.4653465346534658,6.907894736842106,5.51948051948052,6.441048034934497,-3.081510934393638,-6.787762906309751,7.734806629834254,철강
048470,대동스틸,0,2895,0.5208333333333333,7.421150278293136,-1.697792869269949,-11.3323124042879,-18.220338983050848,-20.901639344262296,-24.015748031496063,-40.30927835051546,3.5778175313059033,철강
005010,휴스틸,0,3925,3.9735099337748347,0.7702182284980745,-14.4880174291939,-21.42142142142142,-6.547619047619048,-2.7261462205700124,-22.88801571709234,-49.621357977153124,-1.9975031210986267,철강
002690,동일제강,0,1461,-0.9491525423728813,-3.7549407114624502,10.180995475113122,-4.070912672357189,-8.97196261682243,-0.8146639511201629,-24.064449064449065,-48.09946714031972,-10.368098159509202,철강
092790,넥스틸,0,13310,4.968454258675079,3.418803418803419,-3.898916967509025,13.084112149532709,1.680672268907563,71.74193548387096,31.782178217821784,,46.10318331503842,철강
460860,동국제강,0,10400,1.0689990281827018,5.476673427991886,13.910186199342824,12.189859762675297,7.216494845360824,28.872366790582404,-7.142857142857142,,26.21359223300971,철강
025890,한국주강,0,2620,2.144249512670565,5.220883534136546,34.77366255144033,57.831325301204814,25.059665871121716,33.605303416624174,-2.2388059701492535,-20.0,45.15235457063712,철강
002220,한일철강,0,3170,6.0200668896321075,-17.769130998702984,-44.77351916376306,-18.404118404118407,-1.5527950310559007,57.32009925558312,0.9554140127388535,-14.092140921409213,-37.47534516765286,철강
002240,고려제강,0,17300,-0.9730967372638809,-0.9163802978235969,-4.5780474351902924,-17.22488038277512,-1.7603634298693924,-0.4259237941752043,-9.100462379150903,6.304534840850436,-19.158878504672895,철강
133820,화인베스틸,0,1010,6.5400843881856545,5.648535564853557,-5.695611577964519,-22.54601226993865,-62.59259259259259,20.238095238095237,-37.57725587144623,-62.24299065420561,-38.52708460133901,철강
069730,DSR제강,0,5390,-4.432624113475177,-8.020477815699659,4.25531914893617,11.134020618556702,37.851662404092075,38.382541720154045,16.03875134553283,11.594202898550725,40.36458333333333,철강
084010,대한제강,0,8700,1.2805587892898718,1.7543859649122806,5.582524271844661,-25.19346517626827,-19.414597999258984,0.6711409395973155,0.9866511897852582,-4.4166117336849045,-32.29045061872519,철강
001430,세아베스틸지주,0,41850,4.104477611940299,-2.7874564459930316,-9.70873786407767,-40.638297872340424,51.35623869801085,119.68503937007875,81.95652173913044,112.97709923664124,-16.633466135458168,철강
008420,문배철강,0,2260,4.872389791183294,0.4444444444444444,-0.22075055187637968,3.669724770642202,-2.375809935205184,-2.795698924731183,-34.58755426917511,-38.75338753387534,8.133971291866029,철강
026940,부국철강,0,2260,3.1963470319634704,13.0,17.0378042465044,13.968734241048915,-6.804123711340206,-9.236947791164658,-35.61253561253561,-37.13490959666203,8.91566265060241,철강
460850,동국씨엠,0,5170,-1.3358778625954197,-2.2684310018903595,1.7716535433070866,-9.615384615384617,-8.818342151675484,-23.85861561119293,-37.635705669481304,,-2.819548872180451,철강
104700,한국철강,0,9510,-3.842264914054601,-2.6612077789150463,11.619718309859154,1.6025641025641024,-4.9950049950049955,10.839160839160838,59.56375838926174,41.3075780089153,-4.229607250755287,철강
000970,한국주철관,0,6690,0.29985007496251875,-0.5943536404160475,0.14970059880239522,-1.6176470588235297,-5.9071729957805905,3.2407407407407405,-0.1492537313432836,-13.565891472868216,-5.240793201133145,철강
001940,KISCO홀딩스,0,25400,-6.7889908256880735,-5.046728971962617,9.247311827956988,0.9940357852882704,-3.4220532319391634,36.77975228863758,38.49509269356597,83.39350180505414,0.9940357852882704,철강
005160,동국산업,0,2515,0.0,-5.451127819548872,2.8629856850715747,-11.599297012302284,-19.391025641025642,-55.64373897707231,-54.43840579710145,-35.84183673469388,-7.875457875457875,철강
003030,세아제강지주,0,106700,6.487025948103792,-6.4855390008764235,-20.37313432835821,-29.337748344370862,-40.22408963585434,-38.923869490555234,-44.600207684319834,-37.23529411764706,-16.705698672911787,철강
058650,세아홀딩스,0,132600,-3.1409788166544925,5.9105431309904155,6.335204490777866,-14.72668810289389,4.656669297553275,26.40610104861773,28.7378640776699,20.0,-7.916666666666666,철강
000590,CS홀딩스,0,66900,0.7530120481927711,-2.6200873362445414,-7.977991746905088,-19.00726392251816,-27.675675675675677,1.82648401826484,14.948453608247423,-2.1929824561403506,-13.67741935483871,철강
025550,한국선재,0,2120,0.2364066193853428,-4.932735426008969,-18.618042226487525,-38.19241982507289,-51.320321469575205,-26.132404181184672,-48.48116646415553,-51.320321469575205,-37.278106508875744,철강
139990,아주스틸,0,2180,-2.6785714285714284,-8.977035490605429,2.3474178403755865,-28.171334431630974,-43.81443298969072,-57.08661417322835,-73.18573185731857,-79.43396226415095,-34.63268365817092,철강
007280,한국특강,0,2355,-1.6701461377870561,17.75,10.046728971962617,-15.682062298603652,-23.089483997387326,-22.83748361730013,-40.28904665314402,-54.20960528874198,-20.196543544561166,철강
037760,쎄니트,0,2360,0.21231422505307856,-2.0746887966804977,-3.278688524590164,23.044838373305527,34.39635535307517,56.3949635520212,51.76848874598071,23.237597911227155,31.91727221911683,철강
001080,만호제강,0,3950,-0.7537688442211055,-3.4229828850855744,-2.2277227722772275,-21.314741035856574,35.506003430531734,-12.222222222222221,-8.733826247689464,43.21972443799855,-9.610983981693364,철강
023440,제이스코홀딩스,0,521,0.0,0.0,0.0,-24.927953890489913,-67.89895255699322,-58.74901029295329,-79.48818897637796,-74.70873786407766,-23.830409356725145,철강
012620,원일특강,0,7010,0.0,-0.2844950213371266,-1.544943820224719,-18.677494199535964,-21.147356580427445,-2.094972067039106,-22.5414364640884,-37.130044843049326,-13.563501849568436,철강
263770,유에스티,0,1639,1.0480887792848335,0.8615384615384615,-2.6143790849673203,-14.635416666666668,-24.12037037037037,-22.322274881516588,-52.3546511627907,-49.80091883614089,-13.872832369942195,철강
306200,세아제강,0,147100,6.209386281588448,7.923697725605281,5.827338129496403,6.286127167630058,10.601503759398497,31.105169340463455,4.772079772079772,-16.420454545454547,25.404944586530263,철강
120030,조선선재,0,83600,0.11976047904191617,-1.762632197414806,-3.9080459770114944,-19.382835101253615,-36.42585551330799,-9.42578548212351,-16.56686626746507,-33.386454183266935,-13.007284079084286,철강
004890,동일산업,0,35850,-0.5547850208044383,4.366812227074235,-1.510989010989011,-8.42911877394636,-14.028776978417264,-13.196125907990314,-36.77248677248677,-79.97206703910614,-8.545918367346939,철강
001770,SHD,0,12970,-12.067796610169491,69.54248366013071,-2.407825432656132,-25.158684362377382,-24.373177842565596,-16.43041237113402,-43.1140350877193,-57.957860615883305,-28.539944903581265,철강
060380,동양에스텍,0,1271,-0.4698512137823023,5.389718076285241,7.894736842105263,-9.794180269694818,-10.932025227750525,-18.992989165073297,-40.883720930232556,-46.708595387840674,-16.27140974967062,철강
140520,대창스틸,0,1999,-1.5270935960591134,2.5654181631605955,1.266464032421479,-1.0396039603960396,-10.758928571428573,-10.559284116331098,-27.309090909090912,-38.77488514548239,-7.238979118329467,철강
016380,KG스틸,0,5570,2.389705882352941,-5.432937181663837,-4.29553264604811,-1.763668430335097,3.5315985130111525,-2.961672473867596,-33.8479809976247,-44.3,4.112149532710281,철강
008970,KBI동양철관,0,1170,11.11111111111111,2.7216856892010535,-13.333333333333334,-32.13457076566125,-55.49638645872955,-27.77777777777778,-28.918590522478738,-42.759295499021526,-31.857891671520093,철강
026910,광진실업,0,3150,-10.128388017118402,-28.733031674208142,-11.76470588235294,69.62843295638126,11.702127659574469,25.24850894632207,-22.318125770653513,-41.01123595505618,14.545454545454545,철강
012160,영흥,0,2270,-9.01803607214429,-7.157464212678937,20.74468085106383,-17.604355716878402,-21.180555555555554,-4.621848739495799,-31.93403298350825,-41.49484536082475,-7.157464212678937,철강
327260,RF머트리얼즈,0,42300,19.660537482319658,3.549571603427173,29.910015048677867,24.65741313765361,832.334141503196,1219.8127925117005,701.591813530415,517.0678336980307,275.3660484515041,우주항공과국방
032820,우리기술,0,14320,34.83992467043315,16.897959183673468,5.9171597633136095,-41.43149284253579,249.26829268292684,569.1588785046729,976.6917293233083,663.7333333333333,293.4065934065934,우주항공과국방
484870,엠앤씨솔루션,0,18260,3.1638418079096042,3.75,-23.916666666666668,-57.30253004723378,-73.34306569343066,,,,-61.63865546218488,우주항공과국방
488900,비츠로넥스텍,0,10060,11.653718091009988,-13.201035375323556,-10.894596988485384,-44.87671232876712,,,,,-47.74025974025974,우주항공과국방
095270,웨이브일렉트로,0,4160,4.260651629072681,-10.344827586206897,-2.9171528588098017,-11.957671957671957,-22.820037105751393,-11.016042780748663,-32.68608414239482,-21.657250470809792,-7.658157602663707,우주항공과국방
347700,스피어,0,20900,8.23407560849301,-16.733067729083665,-45.714285714285715,-60.1145038167939,105.70866141732283,672.6432532347504,318.0836167233447,333.6099585062241,42.27365554799183,우주항공과국방
010820,퍼스텍,0,6200,14.180478821362799,-4.615384615384616,-19.06005221932115,-15.18467852257182,41.55251141552511,130.9124767225326,65.77540106951871,79.71014492753623,59.79381443298969,우주항공과국방
451760,컨텍,0,7330,5.619596541786744,-11.15151515151515,-44.845748683220464,-61.05207226354942,-13.76470588235294,-7.215189873417721,,,-34.67023172905526,우주항공과국방
478340,나라스페이스테크놀로지,0,10610,9.834368530020704,-11.950207468879668,-51.2183908045977,-75.38283062645012,,,,,-62.3758865248227,우주항공과국방
484590,삼양컴텍,0,6860,5.701078582434515,4.573170731707317,-13.164556962025317,-48.1089258698941,-63.530037214247734,,,,-46.40625,우주항공과국방
474170,루미르,0,6550,6.851549755301795,-4.934687953555878,-36.59244917715392,-59.11360799001248,-14.490861618798956,,,,-27.624309392265197,우주항공과국방
005870,휴니드,0,4510,2.383654937570942,-1.956521739130435,-19.17562724014337,-45.92326139088729,-45.39951573849879,-36.38928067700987,-17.399267399267398,-39.94673768308921,-40.968586387434556,우주항공과국방
215090,솔디펜스,0,1474,13.471901462663588,4.169611307420495,-16.25,-51.751227495908346,-60.10825439783491,-78.94285714285715,-78.94285714285715,-78.94285714285715,-36.87366167023555,우주항공과국방
272210,한화시스템,0,71100,6.278026905829597,-7.901554404145078,-19.751693002257337,-50.76177285318559,37.524177949709866,320.9591474245115,434.1848234410218,375.58528428093643,30.698529411764707,우주항공과국방
012450,한화에어로스페이스,0,1047000,2.1463414634146343,-9.114583333333332,3.2544378698224854,-29.63709677419355,10.793650793650794,254.42146704083464,776.2386181039101,1159.6094849676977,11.26461211477152,우주항공과국방
474610,RF시스템즈,0,6920,-1.7045454545454544,-10.824742268041238,-15.403422982885084,-31.485148514851485,44.166666666666664,,,,45.22560335781742,우주항공과국방
214430,아이쓰리시스템,0,59800,2.9259896729776247,-19.515477792732167,-18.30601092896175,-42.22222222222222,-32.35294117647059,92.90322580645162,54.123711340206185,199.0,-21.830065359477125,우주항공과국방
099320,쎄트렉아이,0,71900,3.3045977011494254,-12.102689486552567,-36.76341248900616,-62.97631307929969,39.88326848249027,113.03703703703705,132.68608414239483,133.06320907617504,4.810495626822157,우주항공과국방
047810,한국항공우주,0,129100,5.30179445350734,-16.223231667748212,-9.020436927413671,-29.337712096332787,35.75184016824395,153.6345776031434,156.66003976143142,132.61261261261262,12.849650349650348,우주항공과국방
274090,켄코아에어로스페이스,0,9980,4.831932773109244,-12.37928007023705,-52.70142180094787,-55.04504504504505,-10.009017132551849,-11.68141592920354,-26.671565025716387,-20.47808764940239,-43.869516310461194,우주항공과국방
462350,이노스페이스,0,6000,7.334525939177102,-21.976592977893368,-52.16455393446544,-58.494742667404545,-16.550764951321277,-24.404686909411616,,,-36.36652879414572,우주항공과국방
079550,LIG디펜스앤에어로스페이스,0,670000,2.2900763358778624,-18.59052247873633,-12.30366492146597,-7.330567081604427,41.49947201689546,286.6128101557992,690.0943396226415,547.3429951690822,59.14489311163895,우주항공과국방
221840,하이즈항공,0,2055,1.7326732673267329,5.115089514066496,-1.201923076923077,-26.737967914438503,-13.473684210526315,13.28555678059537,-38.74813710879285,-42.597765363128495,-6.378132118451026,우주항공과국방
448710,코츠테크놀로지,0,11200,-1.3215859030837005,-6.354515050167224,-16.10486891385768,-44.827586206896555,-41.90871369294606,-32.773109243697476,-51.19825708061002,,-33.014354066985646,우주항공과국방
065450,빅텍,0,2810,7.45697896749522,-7.2607260726072615,-18.075801749271136,-43.8,-27.670527670527672,-38.91304347826087,-35.25345622119816,-50.0,-20.170454545454543,우주항공과국방
318660,타임기술,0,3900,-1.2658227848101267,6.267029972752043,27.035830618892508,-2.5,86.60287081339713,25.806451612903224,155.0686723348594,131.4540059347181,-28.57142857142857,우주항공과국방
361390,제노코,0,12270,2.763819095477387,-13.347457627118645,-26.61483253588517,-57.0979020979021,-24.7239263803681,2.763819095477387,-26.96428571428571,-48.981288981288984,-31.3758389261745,우주항공과국방
064350,현대로템,0,126100,2.6037428803905613,-16.045272969374167,-33.067940552016985,-36.47355163727959,-39.22891566265061,152.2,310.74918566775244,330.3754266211604,-32.889835018626925,우주항공과국방
289930,웨이비스,0,6880,6.172839506172839,-6.139154160982264,-35.520149953139644,-61.413348289399885,-28.92561983471074,,,,-18.095238095238095,우주항공과국방
067390,아스트,0,5530,6.346153846153846,9.288537549407115,4.734848484848484,-30.527638190954775,1.0968921389396709,-1.601423487544484,-74.51612903225806,-88.98406374501992,-5.792163543441227,우주항공과국방
288180,케이피항공산업,0,7270,2.6836158192090394,-5.706874189364462,-40.74979625101874,,,,,,,우주항공과국방
434190,탈로스,0,2415,-9.719626168224298,5.0,-23.089171974522294,-45.79124579124579,-55.93065693430657,-55.27777777777778,-73.46153846153847,,-39.625,우주항공과국방
417030,니어스랩,0,30850,8.24561403508772,,,,,,,,,우주항공과국방
089890,코세스,0,25150,15.36697247706422,10.79295154185022,-33.37748344370861,-12.824956672443674,108.19536423841059,179.44444444444446,127.60180995475112,178.51605758582502,15.632183908045977,반도체와반도체장비
323350,다원넥스뷰,0,8230,13.204951856946353,1.1056511056511056,-43.66872005475702,-45.27925531914894,25.64885496183206,16.242937853107346,-40.36231884057971,-29.441015089163237,58.57418111753372,반도체와반도체장비
036540,SFA반도체,0,6630,14.310344827586208,19.67509025270758,-4.052098408104197,-4.60431654676259,91.06628242074927,89.97134670487105,16.112084063047284,38.9937106918239,44.91803278688525,반도체와반도체장비
059090,미코,0,19840,9.13091309130913,18.095238095238095,-10.428893905191874,39.52180028129395,28.165374677002585,105.59585492227978,73.42657342657343,165.24064171122996,48.28101644245142,반도체와반도체장비
064290,인텍플러스,0,44950,32.98816568047337,47.86184210526316,2.159090909090909,197.48510919920582,219.47405828002843,235.19761372110364,25.910364145658267,162.86549707602342,246.3020030816641,반도체와반도체장비
172670,에이엘티,0,10990,14.958158995815898,14.360041623309053,-12.5,-0.990990990990991,22.11111111111111,19.068255687974,-54.208333333333336,,-15.00386697602475,반도체와반도체장비
122640,예스티,0,31350,16.11111111111111,42.5,13.793103448275861,21.74757281553398,72.63215859030836,107.2042300066094,51.81598062953995,213.49999999999997,76.12359550561798,반도체와반도체장비
219130,타이거일렉,0,67300,8.723747980613894,-15.875,-9.664429530201343,110.31249999999999,256.0846560846561,259.8930481283423,175.81967213114754,218.20330969267138,203.15315315315314,반도체와반도체장비
000990,DB하이텍,0,111500,25.0,21.327529923830248,-28.15721649484536,28.901734104046245,140.30172413793102,204.22919508867668,116.50485436893203,167.70708283313326,64.94082840236686,반도체와반도체장비
052860,아이앤씨,0,7210,17.81045751633987,55.38793103448276,43.33996023856859,110.20408163265304,217.62114537444936,343.9655172413793,203.57894736842104,143.58108108108107,183.30058939096267,반도체와반도체장비
066310,큐에스아이,0,7450,4.050279329608938,-2.741514360313316,-22.87784679089027,-23.195876288659793,-3.372243839169909,5.673758865248227,-25.72283150548355,-38.9344262295082,0.40431266846361186,반도체와반도체장비
452430,사피엔반도체,0,34000,16.43835616438356,16.83848797250859,-6.336088154269973,-1.0189228529839884,12.956810631229235,192.34737747205503,,,-10.761154855643044,반도체와반도체장비
077360,덕산하이메탈,0,10520,5.728643216080402,7.566462167689162,-26.740947075208915,-25.124555160142346,121.24079915878023,115.13292433537832,33.164556962025316,45.70637119113574,72.74220032840722,반도체와반도체장비
080580,오킨스전자,0,20800,6.885919835560124,49.10394265232975,12.615051434759069,11.349036402569594,195.87482219061167,292.45283018867923,311.0671936758893,4.0,101.94174757281553,반도체와반도체장비
253590,네오셈,0,11600,0.4329004329004329,20.582120582120584,-11.652703731911652,-41.146626078132925,26.637554585152838,42.15686274509804,163.63636363636365,230.48433048433048,5.839416058394161,반도체와반도체장비
097800,윈팩,0,2075,7.290589451913133,17.430673457838143,-14.784394250513348,-2.810304449648712,-11.324786324786325,-71.26038781163435,-70.58823529411765,-65.75907590759076,-19.57364341085271,반도체와반도체장비
036930,주성엔지니어링,0,206500,18.88313183649971,42.610497237569064,-15.885947046843176,212.4054462934947,636.1853832442068,809.6916299559471,657.7981651376147,1369.7508896797153,645.4873646209387,반도체와반도체장비
105330,케이엔더블유,0,6990,5.748865355521937,4.172876304023846,-23.773173391494,-11.068702290076336,64.47058823529412,42.79877425944842,-35.87155963302752,-41.26050420168067,19.897084048027445,반도체와반도체장비
032580,피델릭스,0,5100,10.990206746463548,-6.764168190127971,-5.204460966542751,402.9585798816568,326.4214046822743,364.9042844120328,130.76923076923077,245.76271186440678,361.95652173913044,반도체와반도체장비
160980,싸이맥스,0,23500,-3.885480572597137,-28.353658536585364,-46.0390355912744,13.801452784503631,83.30733229329174,120.24367385192127,41.22596153846153,70.28985507246377,60.95890410958904,반도체와반도체장비
482630,삼양엔씨켐,0,12790,1.507936507936508,-14.161073825503356,-17.216828478964402,-31.931878658861095,53.357314148681056,,,,11.703056768558952,반도체와반도체장비
039030,이오테크닉스,0,470000,16.91542288557214,31.652661064425768,-6.746031746031746,14.494518879415347,122.22222222222223,239.10533910533908,199.1725015913431,564.7807637906648,72.79411764705883,반도체와반도체장비
403870,HPSP,0,56000,11.11111111111111,51.55615696887686,1.8181818181818181,31.30128956623681,104.37956204379562,129.03885480572598,65.19174041297934,237.34939759036146,67.16417910447761,반도체와반도체장비
319660,피에스케이,0,131800,6.290322580645161,-0.6782215523737753,-12.016021361815755,105.61622464898596,432.5252525252525,497.7324263038549,583.6099585062241,714.83771251932,257.18157181571814,반도체와반도체장비
084370,유진테크,0,145200,8.764044943820224,17.95288383428107,-18.56421761076837,19.50617283950617,195.72301425661917,290.3225806451613,296.72131147540983,464.98054474708175,93.60000000000001,반도체와반도체장비
170920,엘티씨,0,36300,7.71513353115727,-11.893203883495145,-37.19723183391003,65.37585421412301,177.7352716143841,296.2882096069869,271.16564417177915,239.2523364485981,89.16102136529443,반도체와반도체장비
131290,티에스이,0,268500,14.743589743589745,18.28193832599119,3.2692307692307696,152.58701787394168,572.090112640801,548.5507246376811,464.0756302521009,415.3550863723608,366.14583333333337,반도체와반도체장비
041520,이엘씨,0,11900,4.385964912280701,4.938271604938271,24.60732984293194,53.94566623544631,48.56429463171036,109.50704225352112,50.442477876106196,108.77192982456141,66.43356643356644,반도체와반도체장비
440110,파두,0,74400,18.471337579617835,21.172638436482085,-25.075528700906347,12.386706948640484,340.49733570159856,470.99002302379125,80.58252427184466,,250.1176470588235,반도체와반도체장비
252990,샘씨엔에스,0,13330,-1.4781966001478197,-14.824281150159743,-7.558945908460471,27.68199233716475,168.20925553319918,163.4387351778656,136.76731793960923,190.41394335511984,98.06835066864784,반도체와반도체장비
355150,코스텍시스,0,19700,4.675876726886291,-19.096509240246405,-41.01796407185629,-12.444444444444445,66.94915254237289,136.77884615384613,34.01360544217687,83.25581395348837,45.925925925925924,반도체와반도체장비
348210,넥스틴,0,31650,2.75974025974026,-7.725947521865889,-45.8974358974359,-60.18867924528302,-31.045751633986928,-24.642857142857146,-60.829207920792086,-40.05681818181818,-55.98052851182197,반도체와반도체장비
418420,라온텍,0,4090,-5.214368482039398,3.022670025188917,-25.09157509157509,-31.94675540765391,-33.278955954323,10.54054054054054,-51.42517814726841,,-7.2562358276643995,반도체와반도체장비
089030,테크윙,0,48200,1.7951425554382259,3.8793103448275863,-21.112929623567922,-23.85466034755134,18.282208588957054,45.61933534743202,575.0700280112045,619.4029850746268,5.240174672489083,반도체와반도체장비
036710,심텍홀딩스,0,4075,2.258469259723965,-7.386363636363637,-18.090452261306535,67.6954732510288,153.89408099688472,140.69698759598344,45.796064400715565,11.95054945054945,49.81617647058824,반도체와반도체장비
095610,테스,0,154300,13.455882352941176,8.20476858345021,-9.55451348182884,136.2940275650842,397.741935483871,830.0783604581072,636.5155131264917,740.8719346049046,246.35241301907968,반도체와반도체장비
095340,ISC,0,190600,11.788856304985337,34.13089373680507,0.05249343832020997,2.8047464940668827,181.53618906942393,299.16230366492147,116.5909090909091,422.9080932784637,71.55715571557155,반도체와반도체장비
031980,피에스케이홀딩스,0,152400,24.91803278688525,45.14285714285714,13.816280806572067,48.249027237354085,298.9528795811518,276.2962962962963,480.5714285714286,1754.014598540146,229.15766738660906,반도체와반도체장비
357780,솔브레인,0,338000,2.579666160849772,7.814992025518341,-4.788732394366197,-21.668597914252608,56.481481481481474,54.337899543378995,49.22737306843267,62.11031175059952,29.00763358778626,반도체와반도체장비
240810,원익IPS,0,120100,9.480401093892434,22.052845528455283,-14.822695035460992,0.9243697478991597,192.21411192214111,282.48407643312106,269.53846153846155,361.9230769230769,76.8777614138439,반도체와반도체장비
200470,에이팩트,0,6450,6.260296540362438,18.784530386740332,-36.57817109144543,-15.90612777053455,95.75113808801214,99.07407407407408,64.3312101910828,77.78390297684675,-5.007363770250368,반도체와반도체장비
432720,퀄리타스반도체,0,8970,5.1582649472450175,1.0135135135135136,-32.04545454545455,-35.92857142857142,-34.47772096420746,-8.375893769152196,,,-40.359042553191486,반도체와반도체장비
033640,네패스,0,22900,2.0044543429844097,34.153485647334506,-27.416798732171156,33.83985973115137,69.8813056379822,157.30337078651687,22.26374799786439,16.83673469387755,46.794871794871796,반도체와반도체장비
000660,SK하이닉스,0,1856000,15.065096094234345,30.704225352112672,-11.661113755354593,103.95604395604397,544.4444444444445,1082.1656050955414,1532.3658751099383,1953.0973451327434,185.09984639016898,반도체와반도체장비
131970,두산테스나,0,83800,7.161125319693094,19.37321937321937,-44.940867279894874,22.157434402332363,126.48648648648648,187.47855917667238,60.53639846743295,224.1779497098646,57.5187969924812,반도체와반도체장비
388210,씨엠티엑스,0,73700,5.890804597701149,-7.990012484394507,-33.78256963162624,-45.163690476190474,,,,,-26.226226226226224,반도체와반도체장비
412350,레이저쎌,0,4935,2.0682523267838677,12.542759407069557,-16.91919191919192,-5.096153846153846,75.0,-5.802634090475282,-63.8276038994356,-39.26901304454836,156.36363636363637,반도체와반도체장비
311320,지오엘리먼트,0,8670,1.8801410105757932,19.91701244813278,20.920502092050206,25.289017341040466,28.635014836795254,22.28490832157969,-27.204030226700255,0.011535355865728458,22.45762711864407,반도체와반도체장비
003160,디아이,0,31200,1.9607843137254901,25.301204819277107,6.8493150684931505,-2.5,121.90611664295874,149.0023942537909,318.79194630872485,441.6666666666667,46.13583138173302,반도체와반도체장비
005290,동진쎄미켐,0,42000,3.9603960396039604,-0.11890606420927466,-24.187725631768952,-16.16766467065868,32.49211356466877,48.148148148148145,22.807017543859647,32.70142180094787,14.597544338335608,반도체와반도체장비
030530,원익홀딩스,0,23250,33.314220183486235,10.714285714285714,-18.563922942206652,-25.718849840255594,106.11702127659575,830.0000000000001,617.5925925925926,568.1034482758621,-52.25872689938398,반도체와반도체장비
425420,티에프이,0,53400,10.103092783505154,61.329305135951664,-6.806282722513089,-3.783783783783784,21.501706484641637,244.51612903225808,66.61466458658346,,46.7032967032967,반도체와반도체장비
102710,이엔에프테크놀로지,0,43700,4.4205495818399045,-11.178861788617885,-5.920344456404736,-22.380106571936057,5.301204819277109,89.17748917748918,107.60095011876484,60.366972477064216,-7.021276595744681,반도체와반도체장비
024850,HLB이노베이션,0,15030,-4.2065009560229445,11.74721189591078,7.741935483870968,-9.321266968325792,93.93548387096774,-5.322834645669292,-5.023696682464455,178.33333333333334,50.67669172932331,반도체와반도체장비
036810,에프에스티,0,25800,-5.839416058394161,13.157894736842104,-18.354430379746837,-42.08754208754209,-7.741820132308243,13.366728183495912,25.577999513263567,98.09582309582309,-15.823817292006526,반도체와반도체장비
950250,테라뷰,0,3105,34.70715835140998,24.2,-2.96875,-64.0625,,,,,-58.76494023904383,반도체와반도체장비
098120,마이크로컨텍솔,0,47900,16.54501216545012,86.74463937621833,66.6086956521739,68.95943562610229,166.70378619153675,797.003745318352,379.4794794794795,672.5806451612902,183.76777251184834,반도체와반도체장비
080220,제주반도체,0,75000,3.3057851239669422,-14.481185860889395,-22.68041237113402,71.42857142857143,314.5936981757877,506.7961165048544,1572.2408026755852,1685.7142857142858,184.62998102466793,반도체와반도체장비
033160,엠케이전자,0,13610,-5.682605682605683,-23.75350140056022,-51.39285714285714,-4.825174825174825,58.255813953488364,80.02645502645503,-7.477906186267845,13.89121338912134,62.023809523809526,반도체와반도체장비
094360,칩스앤미디어,0,10720,3.5748792270531404,0.0,-21.97962154294032,-36.11442193087008,-33.12538989394885,-21.292217327459618,-47.127003699136864,36.560509554140125,-40.609418282548475,반도체와반도체장비
080520,오디텍,0,2810,3.4990791896869244,-11.912225705329153,-4.745762711864407,-12.324492979719189,-11.35646687697161,-20.170454545454543,-42.828077314343844,-44.35643564356436,-11.35646687697161,반도체와반도체장비
489500,엘케이켐,0,20400,2.2556390977443606,-0.9708737864077669,-28.169014084507044,-41.125541125541126,5.864037363777893,,,,-43.80165289256198,반도체와반도체장비
042700,한미반도체,0,250500,17.330210772833723,21.897810218978105,-13.917525773195877,-18.00327332242226,198.21428571428572,156.65983606557376,362.1771217712177,1961.7283950617284,96.62480376766091,반도체와반도체장비
445090,에이직랜드,0,21150,6.8181818181818175,8.461538461538462,-21.811460258780038,-26.81660899653979,-30.082644628099175,-21.666666666666668,,,-26.048951048951047,반도체와반도체장비
086390,유니테스트,0,11300,4.147465437788019,20.855614973262032,-25.165562913907287,-42.05128205128205,-41.84251158003088,30.63583815028902,-19.45830363506771,-35.42857142857142,-16.789396170839467,반도체와반도체장비
232140,와이씨,0,11760,-2.406639004149378,15.068493150684931,-21.337792642140467,-41.78217821782178,2.3498694516971277,-1.0933557611438183,198.4771573604061,222.1917808219178,-18.784530386740332,반도체와반도체장비
101160,월덱스,0,30600,3.0303030303030303,4.081632653061225,19.06614785992218,-2.3923444976076556,34.21052631578947,55.645981688708034,16.57142857142857,63.63636363636363,41.9953596287703,반도체와반도체장비
356860,티엘비,0,38000,-4.040404040404041,31.944444444444443,-28.776263752741176,38.61530604800467,140.08086934546373,553.9321975563587,213.79025598678777,285.51283351932636,33.28189119988777,반도체와반도체장비
425040,티이엠씨,0,8650,2.6097271648873073,-9.424083769633508,-49.02769593400118,-9.138655462184873,14.56953642384106,-11.73469387755102,-58.060606060606055,,13.071895424836603,반도체와반도체장비
083450,GST,0,43700,-1.687289088863892,-11.717171717171718,-27.166666666666668,47.38617200674536,108.59188544152745,201.3793103448276,268.7141410732366,335.997206425222,51.47313691507799,반도체와반도체장비
195870,해성디에스,0,50800,-1.1673151750972763,-9.769094138543517,-37.20642768850433,-3.9697542533081283,112.55230125523012,89.90654205607477,-28.450704225352112,6.05427974947808,-8.797127468581687,반도체와반도체장비
169670,코스텍시스템,0,4900,2.510460251046025,11.617312072892938,-15.517241379310345,16.666666666666664,-15.517241379310345,-58.262350936967636,-48.25765575501584,-55.45454545454545,-17.36930860033727,반도체와반도체장비
445180,퓨릿,0,7930,-2.6993865030674846,-3.2926829268292686,-15.36819637139808,-17.309697601668404,18.7125748502994,17.48148148148148,,,-9.783845278725826,반도체와반도체장비
330860,네패스아크,0,24100,-0.823045267489712,-9.737827715355806,-48.723404255319146,33.075648812810606,48.581997533908755,81.203007518797,6.637168141592921,-5.6751467710371815,41.76470588235294,반도체와반도체장비
007660,이수페타시스,0,112300,0.26785714285714285,20.75268817204301,-8.847402597402597,4.855275443510738,55.325034578146614,241.63852636062182,281.7390713168808,1780.7569921286217,-5.7885906040268456,반도체와반도체장비
272110,케이엔제이,0,25250,4.123711340206185,-14.983164983164984,-29.172510518934082,-33.81389252948886,46.9732246798603,70.95463777928232,21.103117505995204,115.81196581196582,16.89814814814815,반도체와반도체장비
058470,리노공업,0,70100,8.850931677018634,-0.8486562942008486,-29.759519038076153,-38.23788546255506,42.04660587639311,99.71509971509973,117.85747583677781,155.55028981808903,16.25207296849088,반도체와반도체장비
226590,엠디바이스,0,13080,6.427990235964199,9.731543624161073,-15.17509727626459,-50.0763358778626,16.266666666666666,,,,-1.5060240963855422,반도체와반도체장비
112290,와이씨켐,0,9790,3.5978835978835977,-6.583969465648855,-26.39097744360902,-30.345072927783708,-3.5847941697853063,47.50640349555522,60.43920026220911,70.20166898470097,-3.1076801266825016,반도체와반도체장비
061970,LB세미콘,0,3995,3.631647211413749,1.913265306122449,-13.359358056820646,-6.789547363509099,-1.7461878996556812,1.1136421159200203,-39.39623786407767,-50.16839216664588,-3.897041135434207,반도체와반도체장비
011930,신성이엔지,0,16380,-0.12195121951219512,-0.36496350364963503,-18.91089108910891,-30.886075949367086,-1.2062726176115801,4.26479949077021,-39.22077922077922,-33.41463414634146,3.0837004405286343,반도체와반도체장비
140070,서플러스글로벌,0,2020,0.0,8.19496518478843,14.318053197509903,1.1011011011011012,-19.52191235059761,-30.82191780821918,-53.02325581395348,-38.036809815950924,-6.481481481481481,반도체와반도체장비
382800,지앤비에스 에코,0,5090,2.5176233635448138,6.708595387840671,-17.903225806451616,41.78272980501393,59.06249999999999,49.266862170087975,-40.11764705882353,53.0827067669173,79.85865724381625,반도체와반도체장비
029460,케이씨,0,38700,3.4759358288770055,11.688311688311687,23.052464228934817,22.274881516587676,67.89587852494577,124.34782608695652,122.92626728110598,126.3157894736842,51.76470588235295,반도체와반도체장비
399720,가온칩스,0,42700,3.140096618357488,-7.974137931034483,-14.940239043824702,-31.239935587761675,-11.041666666666666,4.528763769889841,-8.565310492505352,77.54677754677755,-17.408123791102515,반도체와반도체장비
417500,제이아이테크,0,3945,11.914893617021278,-1.375,16.200294550810014,-18.74356333676622,26.240000000000002,5.2,-2.109181141439206,,25.238095238095237,반도체와반도체장비
142210,유니트론텍,0,5960,0.16806722689075632,4.378283712784588,-11.964549483013293,3.6521739130434785,-1.3245033112582782,16.862745098039216,16.862745098039216,61.517615176151764,-2.454991816693944,반도체와반도체장비
025560,미래산업,0,6100,-3.937007874015748,-16.09353507565337,-22.193877551020407,123.60703812316716,179.8165137614679,80.04722550177095,-48.799731408427064,43.93581878244455,121.33526850507982,반도체와반도체장비
101400,엔시트론,0,1715,-12.231320368474924,-5.769230769230769,-15.931372549019606,-43.862520458265145,-20.009328358208954,-42.6613172851889,-57.221252182589176,-63.53391452264512,-7.046070460704606,반도체와반도체장비
147760,피엠티,0,3115,-0.6379585326953748,-16.822429906542055,-55.50000000000001,-4.03573629081947,58.121827411167516,20.40974101275609,-31.221020092735703,-22.550969666832422,36.08562691131498,반도체와반도체장비
394280,오픈엣지테크놀로지,0,8390,-3.229527104959631,-17.094861660079054,-37.38805970149254,-44.656992084432716,-30.315614617940202,-32.879999999999995,-57.10633946830266,,-41.53310104529616,반도체와반도체장비
232680,라온로보틱스,0,9370,0.4287245444801715,-9.730250481695569,-31.90406976744186,-35.99726775956284,18.908629441624367,31.971830985915496,-8.49609375,-19.570815450643778,-35.60137457044674,반도체와반도체장비
166090,하나머티리얼즈,0,52100,3.992015968063872,-13.598673300165837,-23.156342182890853,-10.787671232876713,74.5393634840871,75.71669477234401,11.087420042643924,55.75485799701047,20.88167053364269,반도체와반도체장비
227950,엔투텍,0,1340,5.015673981191222,5.845181674565561,13.367174280879865,-47.758284600389864,-41.228070175438596,-45.63894523326572,-67.27716727716728,-77.57322175732217,-18.787878787878785,반도체와반도체장비
264660,씨앤지하이테크,0,13310,2.227342549923195,-0.597460791635549,-8.016586040082931,-25.559284116331092,6.4799999999999995,2.1645686214307647,3.4268396922837825,13.373083475298126,-16.28930817610063,반도체와반도체장비
402490,그린리소스,0,6330,-1.24804992199688,-12.929848693259974,-43.48214285714286,-51.97268588770865,-40.563380281690144,-15.813273041627877,,,-23.458282950423218,반도체와반도체장비
303030,지니틱스,0,1610,3.470437017994859,-13.301023155627355,-16.05839416058394,-52.785923753665685,-63.982102908277405,-75.642965204236,-79.0909090909091,-86.32696390658174,-54.39093484419264,반도체와반도체장비
396470,워트,0,6710,7.188498402555911,7.877813504823152,1.8209408194233687,-1.4684287812041115,-12.516297262059975,-28.844114528101805,,,-8.583106267029974,반도체와반도체장비
039440,에스티아이,0,19610,0.409626216077829,-17.082452431289642,-34.414715719063544,-40.213414634146346,4.47522642514651,-1.358148893360161,-36.33116883116883,36.18055555555556,-35.59934318555008,반도체와반도체장비
429270,시지트로닉스,0,3100,-11.931818181818182,-12.429378531073446,-40.26974951830443,-20.51282051282051,-41.66353029732781,-53.28511151295962,-83.08044973256195,,-33.189655172413794,반도체와반도체장비
317330,덕산테코피아,0,13720,17.365269461077844,19.51219512195122,-11.483870967741936,-17.5975975975976,-24.490919097413318,-64.22425032594525,-8.165997322623829,-34.196642685851316,-18.912529550827422,반도체와반도체장비
102120,어보브반도체,0,6910,-0.860832137733142,-6.368563685636857,-32.51953125,-41.191489361702125,-41.04095563139932,-35.66108007448789,-24.31544359255203,-43.12757201646091,-42.84532671629446,반도체와반도체장비
424980,마이크로투나노,0,8440,14.054054054054054,22.318840579710145,-8.26086956521739,-38.394160583941606,4.975124378109453,38.587848932676515,-55.71878279118573,,2.8014616321559074,반도체와반도체장비
093640,케이알엠,0,4670,8.731082654249127,10.66350710900474,40.45112781954887,-14.625228519195613,5.775764439411098,-13.358070500927644,-48.68131868131868,6.136363636363637,22.57217847769029,반도체와반도체장비
254490,미래반도체,0,15280,0.19672131147540983,-11.36890951276102,-37.11934156378601,-18.981972428419937,-11.676300578034681,28.295549958018473,-33.99568034557235,,-6.142506142506143,반도체와반도체장비
045100,한양이엔지,0,30350,1.8456375838926176,-9.672619047619047,-3.343949044585987,2.8813559322033897,54.13915693245303,75.12983266012695,94.17786308381318,110.76388888888889,42.15456674473068,반도체와반도체장비
079370,제우스,0,10130,1.706827309236948,8.690987124463518,-12.294372294372295,-41.881812966150314,-22.375478927203066,-25.51470588235294,-19.282868525896415,19.65509095204347,-31.368563685636857,반도체와반도체장비
092220,KEC,0,2625,-3.136531365313653,-5.234657039711191,-34.538653366583546,-62.20302375809935,-27.083333333333332,-47.28915662650602,-67.79141104294479,-79.54811063498248,-24.568965517241377,반도체와반도체장비
074600,원익QnC,0,26650,4.921259842519685,-11.018363939899833,-26.381215469613263,-22.076023391812864,48.05555555555556,6.387225548902195,-2.914389799635701,6.6000000000000005,24.242424242424242,반도체와반도체장비
054450,텔레칩스,0,9380,-1.0548523206751055,-6.573705179282868,-23.925385239253853,-27.623456790123456,-25.79113924050633,-26.661454261141515,-64.06130268199234,-32.51798561151079,-41.301627033792236,반도체와반도체장비
396270,넥스트칩,0,2045,2.301150575287644,-5.977011494252873,-39.407407407407405,-39.13690476190476,-10.267661254936375,-67.19602181584857,-87.62331295769533,-74.33483935742971,-49.69249692496925,반도체와반도체장비
059120,아진엑스텍,0,7030,14.123376623376624,2.1802325581395348,1.2968299711815563,-6.515957446808511,86.37327677624602,79.01706137000255,17.40146960587842,36.425383271880456,52.75966970882225,반도체와반도체장비
094170,동운아나텍,0,28200,-9.032258064516128,-15.060240963855422,-23.88663967611336,4.444444444444445,54.09836065573771,71.51198151076511,19.168356997971603,178.60106698280973,-1.7421602787456445,반도체와반도체장비
234030,싸이닉솔루션,0,2940,-0.5076142131979695,-7.981220657276995,-36.50107991360691,-59.61538461538461,-64.70588235294117,,,,-66.77966101694915,반도체와반도체장비
402340,SK스퀘어,0,1138000,15.885947046843176,19.915700737618547,-7.32899022801303,113.10861423220975,602.4691358024692,1511.8980169971671,2625.748502994012,2603.087885985748,209.23913043478262,반도체와반도체장비
036200,유니셈,0,8910,1.0204081632653061,8.658536585365853,-17.652495378927913,-8.895705521472392,4.946996466431095,37.07692307692308,5.194805194805195,25.140449438202246,-7.763975155279502,반도체와반도체장비
322310,오로스테크놀로지,0,12650,1.3621794871794872,-12.938747419132829,-55.14184397163121,-61.66666666666667,-40.749414519906324,-19.58041958041958,-42.5,-2.6923076923076925,-50.196850393700785,반도체와반도체장비
087600,픽셀플러스,0,4015,1.0062893081761006,1.0062893081761006,-14.209401709401709,-34.39542483660131,-39.71471471471472,-41.89580318379161,-41.89580318379161,-51.27427184466019,-36.471518987341774,반도체와반도체장비
117670,알파칩스,0,8040,-0.12422360248447205,-11.55115511551155,-37.577639751552795,-60.87591240875913,25.429017160686428,-58.37863022208417,-58.37863022208417,-70.53218003225334,-6.511627906976744,반도체와반도체장비
217190,제너셈,0,6430,2.88,22.011385199240987,18.198529411764707,4.0453074433656955,16.7180976583772,22.80366692131398,-22.324232906499155,68.23652537938251,25.83170254403131,반도체와반도체장비
071280,로체시스템즈,0,7010,5.8912386706948645,17.028380634390654,-0.708215297450425,-16.94312796208531,-44.23229912490056,-49.05523255813954,6.5349544072948325,17.61744966442953,-20.61155152887882,반도체와반도체장비
092870,엑시콘,0,27100,-12.721417069243158,62.76276276276276,-1.9891500904159132,-8.907563025210084,135.44743701129454,149.08088235294116,90.10873377762188,206.5610859728507,79.23280423280423,반도체와반도체장비
006200,한국전자홀딩스,0,1782,-7.139134966128191,-16.728971962616825,-24.96842105263158,-52.60638297872341,-49.1583452211127,-54.072164948453604,-65.09304603330068,-73.79411764705883,-45.169230769230765,반도체와반도체장비
101490,에스앤에스텍,0,40600,0.7444168734491315,-8.144796380090497,-35.55555555555556,-53.00925925925925,-19.444444444444446,69.51983298538622,-14.973821989528796,80.44444444444444,-15.942028985507244,반도체와반도체장비
089790,제이티,0,4765,-8.365384615384615,14.819277108433734,2.693965517241379,-20.978441127694857,19.87421383647799,-12.246777163904236,-45.229885057471265,-30.942028985507246,5.303867403314917,반도체와반도체장비
045300,성우테크론,0,2635,-2.2263450834879404,0.7648183556405354,-8.188153310104529,-7.381370826010544,-10.221465076660987,-2.0446096654275094,-34.403783918347024,-38.319288389513105,-10.221465076660987,반도체와반도체장비
053610,프로텍,0,60800,3.9316239316239314,-4.702194357366771,-28.04733727810651,9.54954954954955,113.33333333333333,137.03703703703704,24.335378323108383,152.8066528066528,78.03806734992679,반도체와반도체장비
149010,아이케이세미콘,0,3595,-1.9099590723055935,4.810495626822157,-12.102689486552567,-7.345360824742269,-40.08333333333333,-55.0625,-57.60613207547169,-55.45229244114003,-32.92910447761194,반도체와반도체장비
110990,디아이티,0,15660,0.3203074951953876,-5.033353547604609,-32.645161290322584,-30.4,26.904376012965965,9.205020920502092,30.5,100.51216389244557,7.481125600549074,반도체와반도체장비
005930,삼성전자,0,269500,7.584830339321358,17.17391304347826,-9.866220735785953,46.86648501362398,276.9230769230769,299.25925925925924,283.35704125177807,384.71223021582733,124.77064220183487,반도체와반도체장비
052900,KX하이텍,0,974,0.8281573498964804,-15.304347826086955,-33.378932968536255,-15.082824760244115,6.681270536692223,-1.417004048582996,-19.304059652029824,-31.888111888111887,7.505518763796909,반도체와반도체장비
064520,테크엘,0,1495,-2.8589993502274202,0.33557046979865773,-4.777070063694268,-9.885473176612416,-26.354679802955665,-40.438247011952186,-65.15151515151516,-67.3224043715847,-13.2830626450116,반도체와반도체장비
083310,엘오티베큠,0,9690,2.8662420382165608,10.996563573883162,-10.194624652455978,-24.0,-21.85483870967742,-5.739299610894942,-69.28684627575278,-9.014084507042254,-21.85483870967742,반도체와반도체장비
136660,큐엠씨,0,2435,5.869565217391305,16.786570743405278,35.27777777777778,21.810905452726363,35.27777777777778,247.85714285714286,197.31379731379732,10.681818181818182,52.28267667292058,반도체와반도체장비
241790,티이엠씨씨엔에스,0,6180,3.0,18.618042226487525,6.551724137931035,-11.840228245363766,-11.33428981348637,-4.186046511627907,-61.54324828873678,-55.054545454545455,-6.505295007564296,반도체와반도체장비
306620,지아이에스,0,1767,-3.2311062431544357,5.492537313432836,-29.32,-36.32432432432432,-13.382352941176471,3.880070546737213,-38.10858143607706,-51.91836734693878,-20.93959731543624,반도체와반도체장비
365590,하이딥,0,783,0.0,-15.442764578833692,-31.31578947368421,-65.2,-74.75008061915511,-83.00412415888864,-93.26856946354883,-88.93129770992367,-72.38095238095238,반도체와반도체장비
417840,저스템,0,13890,-7.584830339321358,18.21276595744681,-8.558262014483214,94.53781512605042,223.85171368617392,445.7760314341847,169.08175125920187,,139.07056798623063,반도체와반도체장비
451220,아이엠티,0,8010,-5.875440658049354,-18.34862385321101,-38.71461361897475,-34.290401968826906,-22.45885769603098,-8.977272727272727,,,-16.735966735966738,반도체와반도체장비
183300,코미코,0,27600,4.743833017077799,26.605504587155966,-50.5216736581693,22.71575296785381,56.16159330089396,137.6646861276156,161.06696935300795,194.96633536389868,52.97638842700366,반도체와반도체장비
212710,아이에스티이,0,7150,-2.054794520547945,-12.162162162162163,-29.55665024630542,-10.513141426783479,-21.428571428571427,,,,-11.069651741293532,반도체와반도체장비
093520,매커스,0,26200,1.550387596899225,4.590818363273453,34.84302624807,3.353057199211045,9.853249475890985,200.8036739380023,142.1441774491682,242.48366013071893,19.362186788154897,반도체와반도체장비
078350,한양디지텍,0,18670,-4.696273608984176,-19.871244635193133,-30.59479553903346,-25.912698412698415,82.50244379276637,49.95983935742972,40.37593984962406,54.29752066115703,-13.364269141531324,반도체와반도체장비
490470,세미파이브,0,15860,7.089804186360567,-8.85057471264368,-41.150278293135436,-37.80392156862745,,,,,-40.15094339622641,반도체와반도체장비
005935,삼성전자우,0,197500,6.46900269541779,14.825581395348838,2.0671834625323,47.498132935026135,238.1849315068493,256.49819494584835,245.8844133099825,279.80769230769226,121.41255605381164,반도체와반도체장비
405100,큐알티,0,13560,7.1936758893280635,21.071428571428573,-10.435931307793924,-23.73453318335208,-2.656137832017229,1.345291479820628,2.185380557648832,,-14.716981132075471,반도체와반도체장비
067310,하나마이크론,0,35450,0.2828854314002829,4.726735598227474,-26.068821689259646,12.006319115323855,124.93654822335026,215.95365418894832,42.0215536236529,271.9832109129066,37.66990291262136,반도체와반도체장비
077500,유니퀘스트,0,7040,-7.001321003963012,17.529215358931552,-1.813110181311018,13.915857605177994,10.344827586206897,51.072961373390555,-14.821536600120991,61.46788990825688,6.666666666666667,반도체와반도체장비
146320,비씨엔씨,0,9050,-4.029692470837752,-10.03976143141153,-32.76374442793462,-34.60982658959538,-24.01343408900084,-26.182707993474715,-48.107798165137616,-47.53623188405797,-33.30876934414149,반도체와반도체장비
082270,젬백스,0,10030,-4.748338081671415,-23.023791250959324,-22.30828814872192,-74.14948453608248,-82.24778761061947,-2.621359223300971,-25.31645569620253,-22.54826254826255,-65.41379310344828,반도체와반도체장비
241770,메카로,0,41950,8.96103896103896,12.920592193808883,5.006257822277847,54.51197053406999,229.2778649921507,438.51091142490367,283.10502283105023,264.7826086956522,82.3913043478261,반도체와반도체장비
092070,디엔에프,0,12280,1.9933554817275747,-9.238728750923872,-29.221902017291068,-39.80392156862745,-7.599699021820918,1.739850869925435,-38.905472636815915,-20.259740259740262,-21.382842509603073,반도체와반도체장비
144960,뉴파워프라즈마,0,8790,0.22805017103762829,-26.75,5.5222088835534215,55.85106382978723,69.03846153846153,71.34502923976608,55.85106382978723,93.8257993384785,70.01934235976789,반도체와반도체장비
281820,케이씨텍,0,66400,1.9969278033794162,0.0,-13.089005235602095,48.214285714285715,92.18523878437048,116.99346405228759,199.7742663656885,338.2838283828383,67.46532156368222,반도체와반도체장비
200710,에이디테크놀로지,0,24850,6.423982869379015,-18.524590163934427,-33.55614973262032,-48.06687565308255,6.196581196581197,22.11302211302211,2.898550724637681,98.00796812749005,-26.587887740029544,반도체와반도체장비
054940,엑사이엔씨,0,3820,-6.142506142506143,0.5263157894736842,27.121464226289515,13.859910581222056,6.853146853146853,-3.0456852791878175,-26.88995215311005,-41.003861003861005,13.353115727002967,반도체와반도체장비
217500,러셀,0,1524,-1.3592233009708738,-10.6158357771261,-16.493150684931507,-46.89895470383275,-31.659192825112108,-16.721311475409838,-61.563682219419924,-57.90055248618785,-19.704952581664912,반도체와반도체장비
348350,위드텍,0,9370,-0.10660980810234541,-0.21299254526091588,11.547619047619047,-4.485219164118247,5.756207674943567,6.598407281001138,-32.34657039711191,-38.957654723127035,9.976525821596244,반도체와반도체장비
033170,시그네틱스,0,1760,-5.477980665950591,3.5294117647058822,-37.5886524822695,-55.044699872286074,-43.76996805111821,-62.90832455216017,-71.84,-77.29032258064517,-54.987212276214834,반도체와반도체장비
054620,APS,0,3840,1.5873015873015872,-8.896797153024911,-8.680142687277051,-57.14285714285714,-19.157894736842103,-28.08988764044944,-53.11355311355312,-71.66051660516605,-5.41871921182266,반도체와반도체장비
171010,램테크놀러지,0,2550,-3.7735849056603774,-10.683012259194395,-16.666666666666664,-25.11013215859031,-36.72456575682382,-36.95920889987639,-55.57491289198606,-60.280373831775705,-34.61538461538461,반도체와반도체장비
464500,아이언디바이스,0,1641,-7.288135593220339,-8.833333333333334,-30.02132196162047,-51.30563798219585,-49.03726708074534,,,,-49.66257668711657,반도체와반도체장비
420770,기가비스,0,96300,-5.865102639296188,-17.902813299232736,-34.756097560975604,33.19502074688796,212.66233766233765,182.8193832599119,9.307604994324631,,205.7142857142857,반도체와반도체장비
119830,아이텍,0,6040,-9.44527736131934,14.61100569259962,-2.8938906752411575,-26.431181485992695,0.0,2.5466893039049237,-39.6,-29.930394431554525,8.43806104129264,반도체와반도체장비
452160,제이엔비,0,3045,-4.84375,-7.446808510638298,-22.519083969465647,-46.10619469026548,-63.00121506682868,-51.74326465927099,,,-56.930693069306926,반도체와반도체장비
064760,티씨케이,0,257500,4.251012145748987,27.475247524752476,-7.207207207207207,10.75268817204301,129.50089126559715,183.90297684674752,169.0700104493208,150.0,81.08298171589311,반도체와반도체장비
089970,브이엠,0,49600,-11.11111111111111,-26.627218934911244,-41.71562867215041,28.165374677002585,253.7803138373752,417.20542231491135,251.27478753541075,220.00000000000003,64.23841059602648,반도체와반도체장비
114810,한솔아이원스,0,12670,-3.576864535768645,10.365853658536585,-17.727272727272727,-12.074947952810549,25.445544554455445,56.41975308641975,44.63470319634703,70.5248990578735,5.847953216374268,반도체와반도체장비
413300,티엘엔지니어링,0,1825,-8.65865865865866,-19.06873614190687,-8.65865865865866,19.750656167979002,-32.15613382899628,21.666666666666668,-47.63271162123386,,-27.0,반도체와반도체장비
002787,진흥기업2우B,0,29000,0.17271157167530224,-1.192504258943782,-63.84039900249376,-64.37346437346437,-61.89224704336399,-74.9351771823682,-73.73188405797102,-79.28571428571428,-65.43504171632897,건설
012630,HDC,0,24700,12.272727272727273,8.571428571428571,24.370594159113796,1.0224948875255624,17.339667458432302,121.12802148612354,308.26446280991735,267.5595238095238,32.01496525921967,건설
085810,알티캐스트,0,1506,-6.401491609695463,-13.795077275329135,3.64762560220234,-46.53887113951012,-60.534591194968556,-75.4683173155237,-83.6357709442573,-86.34137493197895,-56.373117033603705,건설
028050,삼성E&A,0,50800,16.247139588100687,4.098360655737705,11.525795828759605,54.87804878048781,81.42857142857143,116.17021276595744,53.70650529500757,124.28256070640175,111.22661122661121,건설
375500,DL이앤씨,0,81200,16.0,11.385459533607682,15.669515669515668,65.54536187563711,85.17673888255416,166.66666666666669,160.67415730337078,92.6453143534994,97.32685297691373,건설
418550,제이오,0,4820,7.111111111111111,1.3669821240799158,-14.840989399293287,-37.64553686934023,-42.9585798816568,-69.12235746316465,-83.93333333333334,,-31.24108416547789,건설
002780,진흥기업,0,7260,-7.161125319693094,-9.925558312655088,-16.933638443935926,-2.941176470588235,-0.6839945280437756,-12.530120481927712,-37.94871794871795,-53.00970873786408,-2.4193548387096775,건설
094820,일진파워,0,12480,12.23021582733813,-0.5577689243027889,-5.88235294117647,-34.69387755102041,11.032028469750891,39.91031390134529,1.2165450121654502,-27.652173913043477,-1.7322834645669292,건설
060370,LS마린솔루션,0,31500,3.109656301145663,-0.6309148264984227,8.433734939759036,-4.545454545454546,35.1931330472103,114.15459922496431,213.74501992031873,467.9769203029211,5.175292153589315,건설
013700,까뮤이앤씨,0,1658,-4.161849710982659,4.1457286432160805,47.90365744870651,28.527131782945737,43.92361111111111,22.54249815225425,0.6067961165048543,-19.318734793187346,34.35980551053485,건설
000720,현대건설,0,133600,18.650088809946713,20.795660036166367,8.883455582722087,-18.734793187347933,126.0575296108291,340.9240924092409,272.1448467966574,207.12643678160921,90.5848787446505,건설
294870,IPARK현대산업개발,0,23550,3.289473684210526,3.5164835164835164,21.768355739400207,7.045454545454545,15.441176470588236,-8.365758754863812,131.335952848723,93.82716049382715,7.534246575342466,건설
007680,대원,0,3355,-2.753623188405797,-2.0437956204379564,-11.125827814569536,-19.35096153846154,-25.77433628318584,-18.469015795868774,-43.42327150084317,-60.436320754716974,-24.009060022650054,건설
010960,삼호개발,0,3105,-1.5847860538827259,0.0,-0.64,-22.27784730913642,-13.146853146853147,-5.190839694656488,-8.541973490427099,-29.028571428571425,-13.988919667590027,건설
000725,현대건설우,0,56100,8.51063829787234,9.35672514619883,7.265774378585086,-23.983739837398375,5.056179775280898,23.7045203969129,5.056179775280898,-19.62750716332378,1.4466546112115732,건설
035890,서희건설,0,2440,10.909090909090908,19.901719901719904,5.399568034557236,-23.75,-23.75,-15.336571825121442,-9.663087745279526,-10.948905109489052,-23.75,건설
006360,GS건설,0,35550,10.232558139534884,1.8624641833810889,35.68702290076336,54.565217391304344,85.15625,90.41242635243707,146.875,26.063829787234045,80.45685279187818,건설
097230,HJ중공업,0,15850,-0.4396984924623116,-9.376786735277301,-23.798076923076923,-41.07806691449814,-41.8348623853211,485.95194085027725,330.1221166892809,164.6076794657763,-24.70308788598575,건설
002290,삼일기업공사,0,3340,-0.5952380952380952,3.8880248833592534,-2.1961932650073206,-15.656565656565657,-3.1884057971014492,18.86120996441281,-9.607577807848443,-15.762925598991174,-11.288180610889773,건설
005965,동부건설우,0,17200,0.5847953216374269,0.2331002331002331,6.172839506172839,-8.266666666666666,-10.926980838943551,-23.042505592841163,-35.82089552238806,-34.72485768500949,-29.938900203665987,건설
005960,동부건설,0,7830,7.260273972602739,10.126582278481013,29.635761589403977,1.953125,24.088748019017434,80.83140877598153,23.501577287066247,-23.980582524271846,39.07637655417407,건설
009415,태영건설우,0,6370,1.1111111111111112,-3.0441400304414,-23.80382775119617,3.4090909090909087,27.655310621242485,-10.659186535764375,9.450171821305842,-29.69094922737307,-52.81481481481482,건설
026150,특수건설,0,3955,3.942181340341656,1.6709511568123392,-3.536585365853658,-40.526315789473685,-42.17836257309941,-32.27739726027397,-47.12566844919786,-60.33099297893681,-38.009404388714735,건설
069140,누리플랜,0,1808,-2.1645021645021645,-1.632208922742111,10.716472749540722,-17.81818181818182,-32.28464419475656,33.235077376565954,-51.91489361702127,-59.39815854480126,-37.762478485370046,건설
066980,한성크린텍,0,1516,-1.4304291287386215,0.9993337774816788,-13.073394495412844,6.460674157303371,23.856209150326798,-10.61320754716981,-45.66308243727599,-48.25938566552901,23.957481602616518,건설
013120,동원개발,0,2145,-1.1520737327188941,-4.666666666666667,-6.12691466083151,-27.77777777777778,-24.07079646017699,-17.65834932821497,-36.63220088626292,-43.103448275862064,-23.118279569892472,건설
042940,상지건설,0,5960,-0.8319467554076538,-4.025764895330113,-8.728943338437979,-32.57918552036199,-47.20992028343667,-14.133410171445037,-67.39962804944754,-77.3917001744936,-51.34693877551021,건설
039570,HDC랩스,0,7570,0.13227513227513227,-0.39473684210526316,-2.6992287917737787,-10.836277974087162,-13.485714285714288,-7.682926829268292,-1.4322916666666665,-9.55794504181601,-10.308056872037914,건설
009410,태영건설,0,1701,2.5934861278648977,4.870530209617756,-2.5214899713467047,-7.150655021834061,-5.5,-63.808510638297875,-78.2258064516129,-86.01956110791485,-3.1321184510250575,건설
049180,셀루메드,0,1009,0.0,0.0,0.0,-9.0990990990991,25.81047381546135,-69.28462709284628,-75.02475247524752,-78.53191489361701,-12.564991334488735,건설
475230,엔알비,0,9110,-8.71743486973948,9.232613908872901,-12.150433944069432,-62.35537190082645,-35.34421575585522,,,,-38.36265223274696,건설
044180,KD,0,205,0.0,0.0,0.0,-33.65695792880259,-77.62008733624454,-56.28997867803838,-71.72413793103448,-76.5446224256293,-66.61237785016286,건설
041590,플래스크,0,2370,0.0,0.0,0.0,0.0,0.0,0.0,-29.169157202630007,-52.46690734055355,0.0,건설
091590,남화토건,0,7220,-10.08717310087173,65.21739130434783,104.53257790368271,100.83449235048678,76.5281173594132,82.55372945638433,-10.864197530864198,1.8335684062059237,78.49196538936958,건설
001260,남광토건,0,7810,-2.73972602739726,1.4285714285714286,6.986301369863014,-13.414634146341465,-11.950394588500563,23.771790808240887,-12.639821029082773,-24.903846153846153,-5.790108564535585,건설
001470,삼부토건,0,5820,0.0,0.0,0.0,0.0,0.0,-30.31609195402299,-90.51901084937933,-81.29339161738235,0.0,건설
001840,이화공영,0,2215,0.0,0.0,0.0,0.0,0.0,-37.2343440068008,-59.69796215429404,-69.219010561423,0.0,건설
017000,신원종합개발,0,2400,0.41841004184100417,-1.4373716632443532,1.4799154334038054,-19.05564924114671,-11.76470588235294,-34.78260869565217,-44.121071012805594,-61.84419713831478,-25.581395348837212,건설
002410,범양건영,0,1935,0.0,0.0,0.0,0.0,0.0,67.38754325259517,-23.517786561264824,-52.103960396039604,0.0,건설
013580,계룡건설,0,22250,4.705882352941177,9.60591133004926,13.752556237218814,-14.587332053742802,7.228915662650602,61.23188405797102,52.188782489740085,4.460093896713615,9.336609336609335,건설
002990,금호건설,0,15640,-8.538011695906434,76.92307692307693,322.7027027027027,210.31746031746033,290.02493765586036,375.37993920972644,204.87329434697855,95.5,291.9799498746867,건설
028100,동아지질,0,17790,2.0068807339449544,-1.9294377067254687,19.395973154362416,4.95575221238938,21.84931506849315,44.75183075671277,46.41975308641975,10.841121495327103,3.130434782608696,건설
023350,한국종합기술,0,4100,3.27455919395466,4.060913705583756,-5.963302752293578,-8.58416945373467,-15.983606557377051,-11.159263271939327,-31.893687707641195,-48.42767295597484,-14.760914760914762,건설
002785,진흥기업우B,0,13260,-0.7485029940119761,3.1906614785992216,-55.800000000000004,-61.228070175438596,-60.594353640416045,-67.89346246973366,-68.16326530612244,-75.21495327102804,-64.0650406504065,건설
003075,코오롱글로벌우,0,13100,-0.4559270516717325,-0.9077155824508321,-3.0347890451517396,-14.154652686762779,-9.841706813489333,-29.18918918918919,-29.18918918918919,-44.886196306113,-14.490861618798956,건설
046940,우원개발,0,2880,-1.36986301369863,-5.107084019769357,-13.513513513513514,-39.55928646379853,-14.918759231905465,10.982658959537572,-9.717868338557993,-35.13513513513514,-18.413597733711047,건설
023960,에쓰씨엔지니어링,0,1060,2.5145067698259185,8.16326530612245,12.288135593220339,-23.299565846599133,-9.32420872540633,-33.37523570081709,-44.23987375065755,-50.92592592592593,-18.461538461538463,건설
014790,HL D&I,0,2555,-0.9689922480620154,0.5905511811023622,1.7928286852589643,-20.652173913043477,0.5905511811023622,0.19607843137254902,11.328976034858387,-33.97932816537468,-5.37037037037037,건설
037440,희림,0,4255,3.7804878048780486,4.545454545454546,-9.851694915254237,2.406738868832732,-8.297413793103448,-16.24015748031496,-45.23809523809524,-57.27911646586345,-7.8006500541711805,건설
076340,지에이이노더스,0,4280,2.026221692491061,0.0,-4.888888888888889,-6.855277475516866,-17.692307692307693,-26.20689655172414,-26.20689655172414,-30.065359477124183,-14.399999999999999,건설
010400,우진아이엔에스,0,4200,-7.28476821192053,2.564102564102564,14.441416893732969,5.0,47.88732394366197,24.629080118694365,-17.96875,-32.58426966292135,4.477611940298507,건설
037350,성도이엔지,0,7290,2.9661016949152543,-9.21544209215442,-18.909899888765295,-32.8110599078341,49.53846153846154,41.82879377431907,77.58830694275274,30.879712746858168,21.29783693843594,건설
053690,한미글로벌,0,22800,10.948905109489052,18.012422360248447,28.23397075365579,12.039312039312039,6.046511627906977,59.55213435969209,-10.76320939334638,-5.785123966942149,26.948775055679285,건설
010780,아이에스동서,0,15500,-0.7046764894298526,-20.877998979070956,-36.99186991869919,-53.66218236173393,-23.076923076923077,-28.57142857142857,-50.71542130365659,-55.3314121037464,-33.61884368308351,건설
016250,SGC E&C,0,11910,1.7079419299743808,-2.1364009860312243,4.382120946538125,-33.94342762063228,-20.281124497991968,-23.653846153846153,-44.08450704225352,-67.93646520393054,-20.334448160535118,건설
002150,도화엔지니어링,0,5340,2.495201535508637,3.2882011605415857,6.800000000000001,-16.30094043887147,-18.84498480243161,-21.929824561403507,-36.42857142857142,-42.33261339092873,-16.30094043887147,건설
054930,유신,0,18610,0.6489994591671173,2.9883785279468733,0.053763440860215055,-20.639658848614072,-17.28888888888889,-12.009456264775414,-50.571049136786186,-57.94350282485876,-17.836644591611478,건설
002460,HS화성,0,10700,-1.7447199265381086,-7.519446845289542,-12.151067323481117,-16.601714731098987,3.6821705426356592,21.729237770193404,3.0828516377649327,-23.297491039426525,-10.535117056856187,건설
036190,금화피에스시,0,34400,2.0771513353115725,4.242424242424243,5.359877488514548,-1.1494252873563218,-1.1494252873563218,28.83895131086142,28.11918063314711,8.176100628930817,15.242881072026801,건설
076080,웰크론한텍,0,1130,4.532839962997224,23.767798466593646,32.31850117096019,-3.004291845493562,-29.900744416873447,-26.48015614834092,-74.230330672748,-73.72093023255813,-4.23728813559322,건설
003070,코오롱글로벌,0,9180,-6.230847803881511,0.8791208791208791,0.8791208791208791,-10.700389105058365,-0.32573289902280134,-6.517311608961303,-24.75409836065574,-46.51907952228372,1.1013215859030838,건설
002995,금호건설우,0,19590,-6.9358669833729225,15.91715976331361,70.64459930313589,39.430604982206404,67.72260273972603,104.48851774530272,25.015954052329292,-23.326810176125246,-4.439024390243902,건설
011370,서한,0,3880,1.1734028683181226,2.781456953642384,-8.49056603773585,-27.408793264733394,-17.4468085106383,-3.2418952618453867,-21.852970795568982,-39.375,-13.968957871396896,건설
021320,KCC건설,0,5850,6.946983546617916,1.5625,18.541033434650455,-8.736349453978159,9.345794392523365,33.105802047781566,16.533864541832667,-9.161490683229815,4.838709677419355,건설
004960,한신공영,0,12120,4.753673292999136,11.294765840220386,18.475073313782993,-5.7542768273716955,50.74626865671642,75.14450867052022,66.71251719394773,1.0,17.66990291262136,건설
065950,웰크론,0,1131,-3.908241291418862,11.428571428571429,8.75,-29.48877805486284,-44.829268292682926,-51.45922746781116,-61.134020618556704,-64.93023255813954,-32.47761194029851,건설
066620,국보디자인,0,25650,-1.3461538461538463,4.9079754601226995,3.8461538461538463,14.253897550111358,16.063348416289593,58.04066543438078,83.60773085182534,54.98489425981873,9.615384615384617,건설
025950,동신건설,0,10190,0.691699604743083,-6.513761467889909,-12.60720411663808,-32.96052631578947,-45.27389903329753,-49.05,-35.38363982244769,-39.882005899705014,-48.97346019028543,건설
013360,일성건설,0,1460,-2.013422818791946,-2.53671562082777,21.46422628951747,-17.607223476297968,-1.1509817197020988,8.711839166046165,-14.369501466275661,-51.006711409395976,-34.234234234234236,건설
056730,CNT85,0,1291,5.30179445350734,-9.846368715083798,-24.941860465116278,-47.520325203252035,-65.4350736278447,-67.19186785260483,-79.81235340109461,-92.17575757575757,-57.03826955074875,건설
011560,세보엠이씨,0,24300,-1.0183299389002036,7.28476821192053,5.194805194805195,35.07504168982768,93.77990430622009,147.70642201834863,188.25622775800713,177.08095781071836,75.32467532467533,건설
206400,베노티앤알,0,708,-3.6734693877551026,-18.055555555555554,-29.058116232464933,-40.25316455696203,-72.82149712092131,-75.58620689655172,-86.03550295857988,-76.67215815485997,-56.457564575645755,건설
047040,대우건설,0,19450,19.471744471744472,14.210217263652378,-4.88997555012225,57.87337662337663,408.4967320261438,406.5104166666667,337.07865168539325,304.3659043659044,409.16230366492147,건설
317400,자이에스앤디,0,10010,-1.3793103448275863,14.399999999999999,193.1185944363104,124.69135802469135,178.83008356545963,146.24846248462484,96.27450980392157,34.36241610738255,127.49999999999999,건설
069920,엑시온그룹,0,1133,-18.430525557955363,14.213709677419356,-6.130903065451532,-69.17006802721089,-91.90656475462534,-91.13666588437769,-95.37418854366554,-97.87238038007963,-77.48857540234452,건설
224810,엄지하우스,0,1495,1.5625,-19.58041958041958,62.5,-27.427184466019416,-40.2,-35.140997830802604,-55.83456425406204,-66.36670416197975,-34.285714285714285,건설
000270,기아,0,126800,1.929260450160772,-6.4206642066420665,-18.71794871794872,-22.82410225197809,20.18957345971564,25.793650793650798,62.98200514138818,56.736711990111246,4.105090311986864,자동차
005380,현대차,0,388000,2.6455026455026456,-4.901960784313726,-35.00837520938023,-24.95164410058027,77.1689497716895,69.06318082788671,108.93914916532042,94.0,30.86003372681282,자동차
067990,도이치모터스,0,3790,1.3368983957219251,-3.4394904458598727,-10.50767414403778,-12.369942196531792,-23.279352226720647,-22.810590631364562,-25.393700787401574,-47.28789986091794,-13.765642775881684,자동차
000040,KR모터스,0,1181,-17.412587412587413,-3.6704730831973897,-30.529411764705884,-37.3474801061008,-55.18026565464895,-58.41549295774649,-86.66290231507622,-86.72287802136032,-47.62749445676275,자동차
001390,KG케미칼,0,4485,1.4705882352941175,0.22346368715083798,-0.4439511653718091,-15.377358490566037,-6.367432150313153,10.196560196560196,-48.44827586206897,-10.657370517928287,-14.733840304182511,자동차
003620,KG모빌리티,0,2675,2.8846153846153846,-8.547008547008547,-13.709677419354838,-25.487465181058493,-18.939393939393938,-55.453788509575354,-72.80951412888798,-80.98386294163646,-23.57142857142857,자동차
151860,KG에코솔루션,0,5530,2.2181146025878005,-5.631399317406143,-2.640845070422535,-10.08130081300813,-6.902356902356903,0.9124087591240875,-61.46341463414634,-52.73504273504274,-1.25,자동차
900140,엘브이엠씨홀딩스,0,1202,0.4177109440267335,-6.167056986729118,-14.75177304964539,-15.471167369901547,-31.39269406392694,-47.62527233115468,-51.92,-35.79059829059829,-24.875,자동차
005385,현대차우,0,186400,3.6707452725250276,-5.620253164556962,-20.51172707889126,-29.660377358490564,10.49199762892709,12.289156626506024,86.58658658658659,99.35828877005348,-9.514563106796116,자동차
005389,현대차3우B,0,181100,2.028169014084507,-6.262939958592133,-19.151785714285715,-27.122736418511067,7.605466428995841,9.624697336561743,81.82730923694778,103.02690582959642,-11.658536585365855,자동차
005387,현대차2우B,0,184700,2.611111111111111,-8.337468982630273,-21.571125265392784,-29.905123339658445,6.76300578034682,8.96755162241888,82.69040553907023,95.2431289640592,-13.08235294117647,자동차
381970,케이카,0,6400,2.7287319422150884,-18.471337579617835,-24.88262910798122,-55.213435969209236,-60.51819864281308,-50.19455252918288,-47.15111478117259,-64.93150684931507,-60.07485963817841,자동차
187660,페니트리움바이오,0,7420,55.88235294117647,75.62130177514793,20.493666774926925,-58.79837858848354,171.39722019019752,390.4163912756114,584.5018450184501,472.53086419753083,221.07312851579402,제약
000520,삼일제약,0,6990,14.02936378466558,-3.851444291609354,-1.4104372355430184,-29.03553299492386,-40.256410256410255,-35.694572217111315,-7.171314741035857,0.2869440459110474,-27.86377708978328,제약
321550,티움바이오,0,4790,10.368663594470046,-4.7713717693836974,-7.35009671179884,-37.38562091503268,-17.1280276816609,-17.271157167530223,-39.67254408060453,-68.79478827361564,-20.03338898163606,제약
128940,한미약품,0,494500,4.324894514767933,21.34969325153374,20.316301703163017,-0.4028197381671702,70.22375215146299,56.735340729001585,68.84797536082931,69.935943256172,9.402654867256636,제약
323990,박셀바이오,0,4685,-6.673306772908366,5.636978579481398,-7.956777996070727,-43.89221556886228,-49.186550976138825,-66.72585227272727,-84.75679193102327,-88.5241886099204,-53.1031031031031,제약
330350,위더스제약,0,8000,7.095046854082998,10.344827586206897,21.396054628224583,-4.875148632580261,14.613180515759314,14.285714285714285,8.108108108108109,5.401844532279315,-7.192575406032482,제약
014950,삼익제약,0,9010,50.9212730318258,69.04315196998124,58.34797891036907,-25.166112956810633,,,,,-35.50465282748747,제약
000227,유유제약2우B,0,7620,3.1123139377537212,-1.0389610389610389,-27.566539923954377,-29.379054680259497,-26.87140115163148,-26.589595375722542,-34.87179487179487,-52.817337461300305,-31.84257602862254,제약
314130,지놈앤컴퍼니,0,3370,-3.1609195402298855,-18.990384615384613,-40.142095914742455,-60.90487238979119,18.45342706502636,-5.865921787709497,-57.01530612244898,-64.71204188481676,-51.01744186046512,제약
000220,유유제약,0,3955,1.9329896907216495,5.326231691078561,2.594033722438392,-9.288990825688073,-8.554913294797688,-12.4031007751938,-17.259414225941423,-37.519747235387044,-12.4031007751938,제약
003850,보령,0,8880,0.2257336343115124,-2.8446389496717726,5.714285714285714,-7.40354535974974,2.422145328719723,-14.450867052023122,-9.109518935516888,-15.023923444976075,-1.4428412874583796,제약
475830,오름테라퓨틱,0,53800,-4.440497335701599,-23.032904148783977,-24.331926863572434,-61.4336917562724,73.26892109500805,,,,-55.166666666666664,제약
302440,SK바이오사이언스,0,37300,-0.4005340453938585,0.1342281879194631,-5.209656925031767,-14.645308924485127,-23.721881390593047,-28.544061302681996,-48.83401920438957,-65.30232558139535,-22.61410788381743,제약
308080,바이젠셀,0,6780,9.70873786407767,15.897435897435896,-26.860841423948216,11.330049261083744,74.74226804123711,83.73983739837398,16.69535283993115,-22.514285714285716,-30.461538461538463,제약
131030,옵투스제약,0,5740,-0.3472222222222222,-5.12396694214876,-0.8635578583765112,-46.001881467544685,-30.508474576271187,-9.320695102685624,4.174228675136116,-9.606299212598426,-16.569767441860463,제약
000250,삼천당제약,0,165100,3.8364779874213837,-12.552966101694915,-37.22433460076046,-78.6139896373057,-18.26732673267327,23.208955223880597,71.0880829015544,399.5461422087746,-28.98924731182796,제약
003000,부광약품,0,4125,1.4760147601476015,-9.63855421686747,-4.624277456647398,-32.26600985221675,16.19718309859155,-5.281285878300804,-34.49261553120533,-46.27507163323782,8.982826948480845,제약
008490,서흥,0,21250,-0.7009345794392523,-25.699300699300696,17.144432194046306,3.9119804400977993,-26.97594501718213,27.781118460613353,-29.04841402337229,-35.015290519877674,-1.8475750577367205,제약
016580,환인제약,0,10370,-0.6704980842911877,0.1932367149758454,1.6666666666666667,0.1932367149758454,-3.8924930491195555,-20.657995409334355,-27.735191637630663,-38.63905325443787,-8.392226148409893,제약
086890,이수앱지스,0,3445,-3.5014005602240896,-3.0942334739803097,6.656346749226007,-31.510934393638173,-36.904761904761905,-43.709150326797385,-54.73061760840998,-50.07246376811594,-33.10679611650485,제약
220100,퓨쳐켐,0,7930,-0.5018820577164366,-13.048245614035087,-29.372996081225505,-62.420623637569896,-60.802728485986854,-63.75022856098007,-32.904645063034096,-27.301063439677304,-73.44451141919497,제약
000100,유한양행,0,80000,-1.5990159901599015,-2.4390243902439024,4.712041884816754,-19.436052366565963,-33.277731442869054,-33.277731442869054,14.50490939799044,57.16166041294226,-28.825622775800714,제약
141080,리가켐바이오,0,90300,-0.5506607929515419,-24.68723936613845,-33.01186943620178,-55.07462686567164,-40.396039603960396,3.318077803203661,149.79253112033194,117.59036144578315,-48.01381692573403,제약
033270,유나이티드제약,0,18470,1.1500547645125958,0.6539509536784741,1.2054794520547945,-9.23832923832924,-9.23832923832924,-12.256532066508314,-31.465677179962892,-21.571125265392784,-3.1463030938647085,제약
207940,삼성바이오로직스,0,1452000,-3.264490339773484,-7.45697896749522,12.908242612752721,-8.793969849246231,-5.227190397399622,2.236745660747215,36.26867828766956,21.800534009779273,-14.33628318584071,제약
365270,큐라클,0,9830,-1.2060301507537687,-15.982905982905981,-17.046413502109704,-47.292225201072384,107.82241014799155,102.01397451705714,-12.60668563300142,-27.427094868955333,37.86816269284712,제약
102460,이연제약,0,10010,0.6030150753768844,-1.8627450980392157,1.1111111111111112,-4.666666666666667,-15.527426160337555,-22.282608695652172,-43.98433128147733,-53.54988399071926,-7.142857142857142,제약
023910,대한약품,0,26850,0.0,0.0,1.8975332068311195,-8.983050847457626,-12.254901960784313,4.069767441860465,-4.95575221238938,3.2692307692307696,-8.205128205128204,제약
326030,SK바이오팜,0,83800,-2.8968713789107765,-5.5242390078917705,-5.310734463276836,-14.314928425357873,-23.40036563071298,-19.731800766283524,2.31990231990232,22.87390029325513,-32.74478330658106,제약
354390,바스칸바이오제약,0,3595,6.047197640117994,-12.317073170731707,5.735294117647059,-5.394736842105264,-35.22522522522522,-32.67790262172285,-54.9498746867168,-48.124098124098126,-24.790794979079497,제약
036480,대성미생물,0,6200,0.48622366288492713,-2.2082018927444795,-2.97339593114241,-26.88679245283019,-19.480519480519483,-35.550935550935556,-39.15603532875368,-49.18032786885246,-15.068493150684931,제약
068760,셀트리온제약,0,40250,-2.187120291616039,-10.555555555555555,-6.0676779463243875,-34.552845528455286,-23.848264118815628,-36.196182867288066,-34.827312618403795,-35.96474481354207,-30.603448275862068,제약
200670,휴메딕스,0,26550,3.1067961165048543,-4.324324324324325,-3.804347826086957,-27.755102040816325,-59.46564885496183,-16.50943396226415,-31.21761658031088,23.776223776223777,-34.20074349442379,제약
001630,종근당홀딩스,0,39000,-0.2557544757033248,-3.225806451612903,-4.528763769889841,-22.0,-20.408163265306122,-28.832116788321166,-23.976608187134502,-32.758620689655174,-15.675675675675677,제약
176750,듀켐바이오,0,6160,-0.8051529790660225,-8.74074074074074,-0.3236245954692557,-36.42930856553148,-41.27740705433746,-52.024922118380054,6.390328151986183,-2.9921259842519685,-35.294117647058826,제약
003120,일성아이에스,0,20850,1.4598540145985401,1.9559902200488997,6.377551020408164,-12.761506276150628,-18.235294117647058,22.359154929577464,-3.695150115473441,4.114650953760112,-4.3577981651376145,제약
066700,테라젠이텍스,0,2100,-2.3255813953488373,-7.28476821192053,-11.578947368421053,-19.84732824427481,-28.327645051194537,-39.042089985486214,-54.54545454545454,-50.93457943925234,-33.54430379746836,제약
009290,광동제약,0,6350,0.9538950715421303,-4.223227752639517,1.1146496815286624,-29.60088691796009,4.612850082372323,12.190812720848058,-0.4702194357366771,-3.6418816388467374,8.361774744027302,제약
041910,폴라리스AI파마,0,5440,2.2556390977443606,-4.056437389770723,3.0303030303030303,-33.57753357753357,-16.307692307692307,-18.31831831831832,-20.699708454810494,-30.876747141041932,-12.680577849117174,제약
293480,하나제약,0,8460,-0.7042253521126761,-5.79064587973274,-4.943820224719101,-10.853530031612223,-28.667790893760543,-24.057450628366247,-40.7563025210084,-48.09815950920245,-24.598930481283425,제약
102940,코오롱생명과학,0,14640,-0.40816326530612246,-10.622710622710622,-70.24390243902438,-74.27065026362038,-56.94117647058824,-21.4170692431562,-49.60413080895009,-65.30805687203791,-71.68278529980657,제약
002390,한독,0,9450,-1.8691588785046727,-0.8394543546694648,21.153846153846153,-11.18421052631579,-19.779286926994907,-32.40343347639485,-28.40909090909091,-43.916913946587535,-15.625,제약
002800,신신제약,0,4640,-0.96051227321238,4.0358744394618835,2.3153252480705624,-18.45342706502636,-18.739054290718038,-27.27272727272727,-7.385229540918163,-11.281070745697896,-20.819112627986346,제약
006280,녹십자,0,127400,0.31496062992125984,-4.2824943651389935,2.576489533011272,-16.29434954007884,-3.9215686274509802,-13.627118644067796,12.743362831858407,-14.496644295302014,-19.87421383647799,제약
065660,안트로젠,0,15060,1.1417058428475486,-8.226691042047532,-38.90466531440162,-73.71727748691099,-40.23809523809524,6.73281360737066,-10.08955223880597,-23.358778625954198,-67.85485592315902,제약
476060,온코닉테라퓨틱스,0,16090,-4.226190476190476,9.679618268575323,1.322418136020151,-38.587786259541986,82.32294617563738,,,,-17.69820971867008,제약
007570,일양약품,0,8260,-2.3640661938534278,-5.057471264367816,0.7317073170731708,-43.42465753424658,-43.37811900191939,-43.46725070152625,-54.339414040906576,-65.00889604337881,-43.42465753424658,제약
084110,휴온스글로벌,0,23150,-5.510204081632653,-8.49802371541502,-12.969924812030076,-69.25630810092962,-50.95338983050848,-5.122950819672131,-0.8565310492505354,15.46134663341646,-54.78515625,제약
114450,그린생명과학,0,2280,0.8849557522123894,-0.43668122270742354,8.056872037914692,-17.09090909090909,-15.555555555555555,4.587155963302752,-9.702970297029703,-34.53919035314384,-21.379310344827587,제약
019175,신풍제약우,0,14330,-8.43450479233227,7.260479041916168,3.9158810732414793,-13.15151515151515,-38.09935205183586,-26.887755102040817,-48.82142857142857,-64.08521303258145,-39.02127659574468,제약
086060,진바이오텍,0,4770,2.0320855614973263,-1.4462809917355373,22.464698331193837,-7.3786407766990285,7.918552036199094,42.17585692995529,13.167259786476867,3.135135135135135,18.952618453865338,제약
214390,경보제약,0,5400,-3.225806451612903,1.8867924528301887,2.6615969581749046,-2.7027027027027026,7.3558648111332,-1.098901098901099,-3.811898824367652,14.26153195090986,-6.412478336221837,제약
004720,팜젠사이언스,0,3000,-5.063291139240507,-11.634756995581737,-3.8461538461538463,-21.363040629095675,-33.33333333333333,-35.483870967741936,-54.337899543378995,-57.74647887323944,-27.79783393501805,제약
200780,비씨월드제약,0,3020,-1.468189233278956,-6.065318818040436,-16.11111111111111,-39.2964824120603,-23.311325545962415,-27.141133896260556,-46.18674269422666,-55.84149729492616,-45.19056261343013,제약
000230,일동홀딩스,0,6210,-5.190839694656488,-6.193353474320242,-11.285714285714285,-41.90832553788588,-29.028571428571425,-20.99236641221374,-56.236786469344615,-75.30815109343936,-53.27313769751692,제약
001360,삼성제약,0,1341,0.7513148009015778,0.0,0.0746268656716418,-28.55620671283964,-23.97959183673469,-11.42668428005284,-49.68105065666041,-53.09548793284365,-12.352941176470589,제약
003220,대원제약,0,8000,-1.2345679012345678,-1.71990171990172,-13.41991341991342,-24.02659069325736,-38.556067588325654,-44.05594405594406,-56.52173913043478,-50.920245398773,-33.054393305439326,제약
009300,삼아제약,0,13970,0.14336917562724014,3.711952487008166,3.4048852701702446,-11.749842072015161,-18.20843091334895,-34.258823529411764,-15.538089480048367,-16.845238095238095,-11.075747931253979,제약
359090,씨엔알리서치,0,1985,0.30318342597271347,3.063343717549325,-27.81818181818182,-51.22850122850123,-60.10050251256281,-64.58519179304193,-69.53184957789716,-72.99319727891157,-55.888888888888886,제약
000105,유한양행우,0,69100,-0.2886002886002886,2.06794682422452,8.307210031347962,-21.65532879818594,-35.23898781630741,-60.33295063145809,11.631663974151857,30.571984656374596,-31.786771964461995,제약
000225,유유제약1우,0,3670,-2.263648468708389,-2.0026702269692924,-0.9446693657219973,-17.435320584926885,-23.382045929018787,-24.485596707818928,-17.249154453213077,-57.275902211874275,-29.28709055876686,제약
001065,JW중외제약우,0,22400,-1.1037527593818985,3.944315545243619,4.186046511627907,-20.0,-21.403508771929825,-27.974276527331188,-33.531157270029674,-36.468319246695785,-23.809523809523807,제약
001067,JW중외제약2우B,0,49650,1.7418032786885245,12.330316742081449,9.12087912087912,-11.021505376344086,-14.982876712328766,-13.951473136915077,-21.687697160883282,-27.08073257060612,-18.204283360790775,제약
005250,녹십자홀딩스,0,9810,-0.40609137055837563,-7.714016933207903,-13.56828193832599,-30.376153300212916,-36.99421965317919,-32.15767634854772,-31.732776617954073,-45.65096952908587,-38.379396984924625,제약
007575,일양약품우,0,7700,-3.870162297128589,-1.0282776349614395,0.7853403141361256,-49.54128440366973,-48.989731699238156,-46.225295062504365,-57.8797658771402,-72.82320968481983,-49.54128440366973,제약
011040,경동제약,0,5120,1.185770750988142,0.19569471624266144,0.39215686274509803,-6.39853747714808,-14.666666666666666,-17.15210355987055,-24.2603550295858,-36.318407960199,-12.32876712328767,제약
014570,고려제약,0,3455,-1.8465909090909092,-0.43227665706051877,3.134328358208955,-12.086513994910941,-24.563318777292576,-29.704984740590028,-50.28776978417267,-53.93333333333333,-19.651162790697676,제약
060590,씨티씨바이오,0,3060,-1.7656500802568218,-6.707317073170732,-2.7027027027027026,-24.815724815724817,-56.779661016949156,-55.26315789473685,-73.91304347826086,-59.8951507208388,-33.83783783783784,제약
068270,셀트리온,0,183100,-1.7176596886741815,-8.90547263681592,10.16847172081829,-6.522016592214422,13.33180656222727,8.699523883024828,41.56815141838762,17.81207975961446,6.130776765996418,제약
080720,한국유니온제약,0,2410,0.0,0.0,0.0,0.0,0.0,-16.26129256428075,-45.70849290380716,-60.67232375979113,0.0,제약
096760,JW홀딩스,0,4200,0.4784688995215311,6.4638783269961975,11.258278145695364,1.3268998793727382,23.711340206185564,36.807817589576544,4.45162894802288,40.7035175879397,16.991643454038996,제약
106190,하이텍팜,0,10190,-2.3946360153256707,-14.225589225589225,-29.236111111111114,-35.628553379658875,-22.509505703422054,-26.795977011494255,-2.7021865750023872,51.998806682577566,-15.224625623960067,제약
183490,엔지켐생명과학,0,990,0.0,0.0,0.0,-11.210762331838566,-11.29032258064516,-32.145305003427005,-39.63414634146341,-70.35928143712576,-35.294117647058826,제약
203400,에이비온,0,676,0.0,-19.61950059453032,-45.17437145174372,-78.19354838709678,-72.05456800330715,-81.91546281433922,-80.50749711649365,-85.96053997923157,-78.40255591054313,제약
215600,신라젠,0,2365,-4.056795131845842,3.9560439560439558,-6.336633663366337,-30.74670571010249,-23.3387358184765,-13.528336380255942,-48.54221061792863,-69.51140904989043,-32.52496433666191,제약
222670,플럼라인생명과학,0,4635,0.0,0.0,0.0,0.0,-29.772727272727273,-13.526119402985074,-35.714285714285715,-5.020491803278689,-9.117647058823529,제약
235980,메드팩토,0,2770,-1.773049645390071,-6.260575296108291,-18.7683284457478,-48.98710865561694,-50.88652482269504,-55.75079872204473,-77.6215866860559,-89.71521924776297,-58.532934131736525,제약
244460,올리패스,0,1651,0.0,0.0,0.0,0.0,0.0,-83.68254595769915,-94.1029396006715,-97.25441937039562,0.0,제약
246250,에스엘에스바이오,0,1969,0.0,0.0,0.0,0.0,0.0,-49.44801026957638,-58.76439790575916,-46.639566395663955,0.0,제약
249420,일동제약,0,15940,-3.3353547604608855,0.3146633102580239,-14.16262789445342,-51.179173047473206,-26.374133949191688,15.256688358640636,-16.718913270637408,-52.132132132132135,-58.59740259740259,제약
284620,카이노스메드,0,1087,0.0,0.0,0.0,0.0,0.0,-72.41116751269035,-71.83937823834196,-81.09565217391305,0.0,제약
288330,파라택시스코리아,0,416,0.0,0.0,0.0,-50.82742316784869,-78.90466531440163,-87.41301059001513,-89.19199792153806,-94.46661346102687,-53.57142857142857,제약
307750,국전,0,2285,-1.5086206896551724,-1.0822510822510822,-6.352459016393443,-52.69151138716356,-44.132029339853304,-44.740024183796855,-67.0749279538905,-73.05424528301887,-32.09509658246657,제약
309710,아이티켐,0,21000,0.0,0.0,0.0,-38.50658857979502,19.182746878547103,,,,-39.39393939393939,제약
317450,명인제약,0,43950,-3.4065934065934065,-9.006211180124224,1.5011547344110854,-26.75,,,,,-36.21190130624093,제약
341170,퓨쳐메디신,0,496,0.0,1.4314928425357873,-41.71562867215041,-64.05797101449275,-70.59869590989923,-77.75784753363229,-93.83850931677019,-92.94452347083926,-84.0,제약
378800,샤페론,0,510,3.4482758620689653,9.207708779443255,-52.55813953488372,-70.6896551724138,-74.5127436281859,-82.82249915796565,-90.4494382022472,,-70.6896551724138,제약
424870,이뮨온시아,0,2880,0.5235602094240838,-15.169366715758468,-31.017964071856284,-66.36299929922916,-48.201438848920866,,,,-77.00782372664857,제약
900120,씨엑스아이,0,1040,0.0,10.16949152542373,-29.058663028649384,-47.73869346733669,-52.89855072463768,-66.77316293929712,-80.2130898021309,-88.37858978656833,-47.44820616472966,제약
118000,메타케어,0,1285,-2.057926829268293,-10.076976906927921,-12.046543463381246,-45.085470085470085,-59.71786833855799,-66.1842105263158,-72.94736842105263,-81.97755960729313,-57.868852459016395,제약
308430,셀비온,0,12750,1.8370607028753994,-11.149825783972126,-28.330522765598655,-52.513966480446925,-45.85987261146497,,,,-45.97457627118644,제약
234080,JW생명과학,0,11060,-2.8972783143107987,-5.5508112724167376,-1.073345259391771,-15.82952815829528,-6.823925863521482,0.09049773755656108,-22.002820874471084,-10.806451612903226,-13.929961089494164,제약
007370,진양제약,0,4000,-0.6211180124223602,0.5025125628140703,0.7556675062972292,-13.043478260869565,-30.915371329879104,-23.371647509578544,-31.62393162393162,-38.080495356037154,-20.47713717693837,제약
195940,HK이노엔,0,40000,-7.940161104718067,-5.88235294117647,-4.191616766467066,-20.792079207920793,-14.984059511158343,-13.137893593919653,5.680317040951123,3.4928848641655885,-18.864097363083165,제약
217950,파마리서치바이오,0,30700,-0.967741935483871,-2.5396825396825395,-4.953560371517028,-5.828220858895705,-16.234652114597544,-4.212168486739469,38.60045146726862,0.32679738562091504,-2.848101265822785,제약
009420,한올바이오파마,0,54300,-1.2727272727272727,-4.569420035149385,2.4528301886792456,-3.5523978685612785,62.5748502994012,43.46103038309115,123.45679012345678,237.2670807453416,24.114285714285714,제약
018620,우진비앤지,0,2715,-2.862254025044723,6.470588235294119,3.824091778202677,-3.1049250535331905,-32.59682224428997,-35.280095351609056,-50.97508125677139,-66.7849278199168,-21.645021645021643,제약
005500,삼진제약,0,18670,0.05359056806002144,1.633097441480675,-1.1646373742721017,1.910480349344978,-2.506527415143603,4.301675977653631,-18.114035087719298,-24.565656565656564,-5.468354430379747,제약
109960,앱토크롬,0,1899,5.149501661129568,12.700296735905045,5.207756232686981,-38.8208762886598,-72.71551724137932,-84.58603896103895,-93.27692416625362,-96.48496066635816,-60.60165975103734,제약
072020,중앙백신,0,9270,-0.2152852529601722,-0.3225806451612903,-1.487778958554729,1.2008733624454149,-4.923076923076923,-8.399209486166008,-15.032080659945004,-20.76923076923077,-5.408163265306123,제약
200230,텔콘RF제약,0,2180,-1.8018018018018018,-7.036247334754798,-27.454242928452576,-66.72771672771673,-82.66952857937832,-84.2383052563083,-89.16285543845694,-92.3095918439341,-71.51816043898616,제약
018680,서울제약,0,1969,0.0,-0.9058882737795673,-10.5,-26.529850746268657,-38.564742589703584,-44.76858345021038,-48.52287581699347,-64.38777355760536,-36.07142857142857,제약
067080,대화제약,0,10950,0.7359705611775529,-3.9473684210526314,2.1455223880597014,-27.0,-23.103932584269664,8.846918489065606,-12.539936102236421,60.32210834553441,-37.177280550774526,제약
397030,에이프릴바이오,0,17520,2.336448598130841,-42.83849918433931,-59.35034802784222,-74.68208092485548,-30.476190476190478,-12.61845386533666,57.76677172444845,107.23917672107879,-68.08743169398907,제약
223250,드림씨아이에스,0,3440,3.1484257871064467,-1.0071942446043165,-12.46819338422392,-33.20388349514563,-5.7534246575342465,-4.3115438108484,-20.554272517321014,14.552114552114553,-46.08150470219436,제약
271980,제일약품,0,10340,-5.05050505050505,-0.7677543186180422,1.87192118226601,-30.83612040133779,-26.9774011299435,-24.580598103574033,-39.743589743589745,-47.77777777777778,-31.74917491749175,제약
950210,프레스티지바이오파마,0,6330,-5.803571428571429,-4.090909090909091,-3.211009174311927,-35.01026694045174,-57.8,-50.77760497667185,-44.081272084805654,-42.45454545454545,-50.73929961089494,제약
464280,티디에스팜,0,5640,-4.081632653061225,0.8944543828264758,-11.459968602825747,-41.25,-45.24271844660194,-81.0738255033557,,,-42.74111675126904,제약
000020,동화약품,0,5200,0.7751937984496124,-0.5736137667304015,-2.0715630885122414,-15.171288743882544,-18.622848200312987,-31.93717277486911,-49.11937377690802,-44.02583423035522,-16.8,제약
170900,동아에스티,0,36350,-2.0215633423180592,-5.950840879689522,-1.2228260869565217,-17.480136208853576,-17.76948309014817,-45.806932538203505,-43.252778818533784,-25.231914762325935,-27.401637707209908,제약
005257,녹십자홀딩스2우,0,18100,2.3755656108597285,15.286624203821656,-11.491442542787286,-24.583333333333332,-32.96296296296296,-26.422764227642276,-37.37024221453287,-61.57112526539278,-31.309297912713475,제약
185750,종근당,0,67500,-2.5974025974025974,-4.390934844192635,-3.29512893982808,-20.681551116333726,-17.177914110429448,-37.4681550789754,-15.284018173146915,-6.569221825429781,-18.576598311218333,제약
471820,셀로맥스사이언스,0,4035,-0.98159509202454,-2.418379685610641,-12.091503267973856,-17.737003058103976,-32.18487394957983,,,,-37.92307692307692,제약
115450,HLB테라퓨틱스,0,1999,-3.662650602409639,-12.32456140350877,-17.736625514403293,-32.69360269360269,-30.973756906077348,-75.19543367663482,-36.920164089618176,-64.63824517955068,-30.05598320503849,제약
067290,JW신약,0,3865,24.677419354838708,73.70786516853933,197.07916986933128,89.92628992628993,168.96311760612386,184.81945467943996,47.40655987795576,24.516752577319586,81.45539906103286,제약
000640,동아쏘시오홀딩스,0,91000,-1.8338727076591153,-0.32858707557502737,10.436893203883495,-11.821705426356589,-15.588330782431242,-19.62195822108378,-0.6647818445785894,-4.02564940886128,-14.509840762835266,제약
002620,제일파마홀딩스,0,7570,0.13227513227513227,0.6648936170212766,6.619718309859154,-18.426724137931032,-14.074914869466514,-10.09501187648456,-31.863186318631865,-34.45887445887446,-5.845771144278607,제약
012790,신일제약,0,6050,0.0,6.32688927943761,13.295880149812733,-0.6568144499178982,-4.120443740095087,-15.73816155988858,-13.447782546494993,-28.147268408551067,-0.3294892915980231,제약
140610,엔솔바이오사이언스,0,10000,-0.8919722497522299,-3.753609239653513,-20.5087440381558,-33.28885923949299,-33.199732798931194,54.79876160990712,-16.666666666666664,-19.35483870967742,-23.83853769992384,제약
039200,오스코텍,0,34800,-4.918032786885246,-8.421052631578947,-14.285714285714285,-37.967914438502675,-18.975552968568103,0.4329004329004329,19.17808219178082,89.71814861254974,-23.008849557522122,제약
054670,대한뉴팜,0,5630,-1.054481546572935,-4.898648648648648,-0.5300353356890459,-18.75901875901876,-19.225251076040173,-32.976190476190474,-39.657020364415864,-42.84263959390863,-14.30745814307458,제약
334970,프레스티지바이오로직스,0,1687,-3.544882790165809,-14.969758064516128,-10.69348861831657,-35.3639846743295,-53.07371349095966,-69.71274685816876,-64.44678609062171,-63.00438596491228,-44.41515650741351,제약
296160,프로젠,0,2555,-0.3898635477582846,-6.9216757741347905,-34.403080872913996,-58.52272727272727,-68.0625,-63.0246020260492,,,-66.11405835543766,제약
389470,인벤티지랩,0,25550,-7.090909090909091,-23.958333333333336,-42.45495495495496,-74.19191919191918,-40.093786635404456,56.460502143294555,-5.194805194805195,,-69.65558194774347,제약
493280,아이엠바이오로직스,0,15280,3.313049357674104,-20.623376623376625,-43.19702602230483,,,,,,,제약
061250,화일약품,0,8130,-7.297605473204105,-8.342728297632469,5.584415584415584,-18.209255533199194,-32.475083056478404,-47.64971023824855,-64.10596026490066,-67.08502024291498,-28.871391076115486,제약
002720,국제약품,0,3325,-2.635431918008785,-3.2023289665211063,-3.762662807525326,-32.55578093306288,-26.923076923076923,-36.4244741873805,-17.49379652605459,-26.778242677824267,-22.674418604651162,제약
078140,대봉엘에스,0,7630,-3.5398230088495577,-7.177615571776156,-8.182912154031289,-26.28019323671498,-44.18434528163863,-65.86129753914989,-36.25730994152047,-4.7440699126092385,-34.506437768240346,제약
001060,JW중외제약,0,26900,-3.063063063063063,4.669260700389105,1.509433962264151,-15.275590551181104,19.290465631929045,-0.3703703703703704,-37.16714939736522,37.750921753379764,5.490196078431373,제약
153710,옵티팜,0,4785,-1.3402061855670102,-0.3125,4.475982532751091,-5.621301775147929,-8.68320610687023,-12.362637362637363,-40.1875,-42.69461077844311,-6.176470588235294,제약
310210,보로노이,0,148300,-12.507374631268437,-15.929705215419501,-28.357487922705317,-59.20220082530949,2.7008310249307477,88.19796954314721,121.15513667476922,369.0811323738731,-31.81609195402299,제약
044960,이글벳,0,3135,0.6420545746388443,-0.4761904761904762,2.2838499184339316,-20.431472081218274,-26.235294117647058,-34.6875,-40.625,-49.67897271268058,-25.089605734767023,제약
086450,동국제약,0,19740,-9.65675057208238,-1.791044776119403,4.223864836325237,7.282608695652174,11.65158371040724,17.290552584670234,36.7983367983368,7.574931880108991,15.10204081632653,제약
237690,에스티팜,0,91000,-10.079051383399209,-15.74074074074074,-26.136363636363637,-43.37274424393279,-1.7278617710583155,-9.272183449651047,12.20715166461159,-4.2105263157894735,-23.657718120805367,제약
234690,녹십자웰빙,0,9950,7.8006500541711805,9.100877192982457,25.31486146095718,8.743169398907105,-4.326923076923077,19.304556354916066,45.25547445255474,26.108998732572875,8.86214442013129,제약
069620,대웅제약,0,114400,-7.81627719580983,-11.66023166023166,-4.904405652535329,-31.57894736842105,-20.167480809490577,-15.758468335787922,9.16030534351145,-30.666666666666664,-33.60417875798027,제약
017180,명문제약,0,1306,2.996845425867508,9.015025041736227,3.0781373322809786,-29.63362068965517,-25.541619156214367,-36.13691931540342,-45.92132505175984,-56.611295681063126,-29.405405405405403,제약
003520,영진약품,0,1073,-4.452359750667854,-14.022435897435898,-13.537469782433522,-40.75096631695196,-46.74937965260546,-53.54978354978355,-57.67258382642998,-64.52892561983471,-46.35,제약
053950,경남제약,0,2185,-1.1312217194570136,30.292188431723314,11.309220580743759,-34.970238095238095,-29.05844155844156,-45.51122194513716,-54.09663865546218,-71.13606340819022,-35.54572271386431,제약
019170,신풍제약,0,9820,-5.394990366088632,10.46119235095613,8.990011098779133,-10.727272727272727,-22.555205047318612,-20.16260162601626,-41.824644549763036,-59.91836734693877,-30.05698005698006,제약
007460,에이프로젠,0,2000,-2.912621359223301,-23.954372623574145,-35.37964458804523,553.59477124183,185.71428571428572,39.17884481558803,19.260584376863445,-47.423764458464774,186.94404591104734,제약
053030,바이넥스,0,6670,-3.4732272069464547,-11.42098273572377,-14.705882352941178,-48.888888888888886,-62.295081967213115,-67.85542168674698,-24.290578887627696,-50.955882352941174,-55.473965287049396,제약
004310,현대약품,0,10300,36.06340819022457,61.94968553459119,79.75567190226876,11.11111111111111,160.1010101010101,130.42505592841164,146.11708482676224,116.8421052631579,20.89201877934272,제약
001540,안국약품,0,10100,-8.014571948998178,-23.252279635258358,-8.844765342960288,27.364438839848678,30.659767141009052,43.262411347517734,25.31017369727047,14.903299203640499,19.38534278959811,제약
032300,한국파마,0,7710,-2.0330368487928845,-4.22360248447205,-10.867052023121387,-36.90671031096563,-45.70422535211268,-51.202531645569614,-56.24290578887627,-70.8506616257089,-40.69230769230769,제약
063160,종근당바이오,0,13280,-3.2774945375091042,-8.033240997229916,-14.817190506735086,-31.862493586454594,-43.8477801268499,-55.659432387312194,-42.758620689655174,-49.50570342205323,-34.742014742014746,제약
074430,아미노로직스,0,1089,-7.711864406779662,2.1575984990619137,-10.29654036243822,-21.99140401146132,5.93385214007782,-5.221932114882506,-20.6268221574344,-49.46635730858468,-8.793969849246231,제약
002210,동성제약,0,1464,3.3168666196189136,-5.487411233053583,-24.768756423432684,-24.768756423432684,-24.768756423432684,-67.61061946902655,-74.84536082474227,-80.16260162601625,-24.768756423432684,제약
034940,조아제약,0,2780,-4.137931034482759,1.090909090909091,-13.798449612403102,-38.96816684961581,-56.18597320724981,-59.68092820884699,-72.07433450527373,-79.1760299625468,-44.95049504950495,제약
243070,휴온스,0,20750,-0.7177033492822966,-21.401515151515152,-29.780033840947546,-22.574626865671643,-34.542586750788644,-27.82608695652174,-53.37078651685393,-37.59398496240601,-24.27007299270073,제약
006620,동구바이오제약,0,3510,-2.2284122562674096,-12.030075187969924,-12.686567164179104,-35.831809872029254,-31.712062256809336,-40.0,-36.52802893309223,-43.11183144246353,-35.831809872029254,제약
287840,인투셀,0,17210,-5.387575590984057,-13.60441767068273,-27.840670859538786,-64.25752855659398,-46.882716049382715,,,,-70.01742160278745,제약
261780,아리바이오랩,0,3290,33.46855983772819,36.51452282157676,22.07792207792208,4.777070063694268,16.666666666666664,-17.75,-47.77777777777778,-45.97701149425287,16.460176991150444,제약
299170,더블유에스아이,0,1187,-3.4174125305126117,-12.398523985239853,-25.579937304075234,-56.67883211678833,-28.32125603864734,-23.812580231065468,-43.20574162679426,-33.871866295264624,-59.557069846678026,제약
003090,대웅,0,16430,-5.845272206303725,-9.326710816777043,-8.975069252077562,-30.96638655462185,-32.801635991820035,-33.61616161616162,15.867418899858956,-30.96638655462185,-25.4875283446712,제약
115180,큐리언트,0,22500,9.75609756097561,-16.666666666666664,-16.512059369202227,-54.90981963927856,77.44479495268138,453.5055350553505,321.5061820906707,73.34360554699538,-25.6198347107438,제약
041960,코미팜,0,9440,8.755760368663594,5.4748603351955305,12.783751493428912,14.424242424242426,41.95488721804511,136.0,72.26277372262774,45.40973505853358,34.472934472934476,제약
456070,이엔셀,0,5480,-2.3172905525846703,-14.641744548286603,-37.58542141230068,-65.62107904642409,-52.67702936096719,-79.43714821763602,,,-69.85698569856986,제약
047920,HLB제약,0,6870,-6.7842605156037985,-21.39588100686499,-30.388083899077923,-50.32897115176054,-46.47865378622624,-73.27784044498036,-40.30758536797289,-68.34247269711074,-53.518267929634646,제약
082800,비보존 제약,0,3030,-1.7828200972447326,5.7591623036649215,-22.802547770700638,-22.802547770700638,-58.58958589585895,-10.168989030536615,7.370659107016301,31.510416666666668,-21.257796257796258,제약
003060,에이프로젠바이오로직스,0,1657,-4.879448909299656,-21.839622641509436,-33.72,509.19117647058823,165.97110754414126,71.00103199174407,-48.715567935623646,-60.82742316784871,219.26782273603084,제약
008930,한미사이언스,0,56000,17.154811715481173,22.538293216630198,87.91946308724832,50.74024226110363,44.70284237726098,72.57318952234206,68.42105263157895,27.46972594008923,54.48275862068965,제약
058820,CMG제약,0,615,5.670103092783505,-12.642045454545455,-44.09090909090909,-64.05610753945061,-67.88511749347258,-70.36144578313252,-75.35070140280561,-76.52671755725191,-66.89989235737353,제약
179530,애드바이오텍,0,2320,-8.840864440078585,9.95260663507109,-2.5210084033613445,32.79908414424728,-15.328467153284672,-29.590288315629742,-36.08815426997245,-45.794392523364486,14.285714285714285,제약
314140,알피바이오,0,5940,-1.3289036544850499,-14.16184971098266,6.451612903225806,-10.0,-9.451219512195122,-5.263157894736842,-34.3646408839779,,-19.72972972972973,제약
260660,알리코제약,0,2555,2.8169014084507045,0.0,2.1999999999999997,-25.401459854014597,-41.39908256880734,-38.28502415458937,-59.63665086887836,-58.04597701149425,-40.23391812865497,제약
432980,엠에프씨,0,2470,-1.7892644135188867,-8.518518518518519,-12.7208480565371,-31.29346314325452,-34.91436100131752,,,,-29.22636103151863,제약
456160,지투지바이오,0,35000,-5.53306342780027,-17.355371900826448,-24.242424242424242,-70.53872053872054,-22.03163288037425,,,,-47.76119402985074,제약
950220,네오이뮨텍,0,2200,-5.781584582441114,44.35695538057743,37.5,-21.98581560283688,-47.11538461538461,-70.66666666666667,-72.51717676452218,-88.21954484605087,-46.406820950060904,제약
142760,모아라이프플러스,0,505,-25.625920471281294,-27.650429799426934,-63.24599708879185,-61.45038167938931,-83.33333333333334,-84.375,-91.48397976391232,-95.52304964539007,-85.77464788732394,제약
204840,지엘팜텍,0,4990,-1.188118811881188,22.604422604422606,12.134831460674157,-8.858447488584476,-10.251798561151078,-7.162790697674419,35.78231292517007,14.71264367816092,-8.524289642529789,제약
066830,제노텍,0,1297,8.083333333333332,0.0,-0.23076923076923078,8.083333333333332,18.231540565177756,-13.302139037433156,-43.485838779956424,-59.08517350157728,19.100091827364555,생물공학
348080,큐라티스,0,2880,3.783783783783784,-12.462006079027356,-25.925925925925924,-74.34983968649804,-67.90371113340021,-62.92004634994206,-89.61862879388653,,-74.64565542741438,생물공학
388610,지에프씨생명과학,0,5340,2.1032504780114722,-12.171052631578947,-17.719568567026194,-47.80058651026393,-72.23088923556942,-67.53799392097265,33.5,,-62.394366197183096,생물공학
199800,툴젠,0,35600,3.3381712626995643,-10.776942355889723,-18.198529411764707,-25.219510145779942,9.068627450980392,-33.16687630240111,-6.207187269469912,-41.016634634501955,-38.29942112378245,생물공학
086820,바이오솔루션,0,6560,5.296950240770466,4.625199362041467,-7.605633802816901,-48.829953198127924,-30.28692879914984,42.330223475808204,36.55287260616153,26.93498452012384,-17.06700379266751,생물공학
174900,앱클론,0,20950,-6.053811659192825,-39.62536023054755,-29.46127946127946,-76.48709315375982,65.48183254344391,45.18364518364518,28.52760736196319,14.168937329700274,-50.70588235294118,생물공학
338840,와이바이오로직스,0,9050,4.988399071925754,-20.123565754633717,-33.210332103321036,-68.41186736474695,-27.945859872611468,-21.78046672428695,,,-60.480349344978166,생물공학
468530,프로티나,0,29200,-4.88599348534202,-4.2622950819672125,-11.91553544494721,-65.64705882352942,14.50980392156863,,,,-73.59855334538878,생물공학
206650,유바이오로직스,0,8650,-3.2438478747203576,-5.46448087431694,-5.361050328227571,-41.11640571817563,-40.13840830449827,-12.271805273833673,-22.282120395327944,-40.955631399317404,-23.8556338028169,생물공학
084990,헬릭스미스,0,3050,3.5653650254668934,-14.923291492329149,-33.47873500545256,-50.0,-54.27286356821589,-7.854984894259818,-38.13387423935091,-79.59866220735786,-50.964630225080384,생물공학
372320,큐로셀,0,24000,-0.4149377593360996,-13.513513513513514,-16.083916083916083,-50.71868583162218,-38.46153846153847,-16.52173913043478,,,-46.60734149054505,생물공학
298380,에이비엘바이오,0,69000,-0.4329004329004329,-26.282051282051285,-25.88614393125671,-63.297872340425535,-33.00970873786408,136.3013698630137,269.7749196141479,211.5124153498871,-65.5,생물공학
154030,아시아종묘,0,1679,-0.35608308605341243,0.7198560287942412,2.253349573690621,-22.448036951501155,-29.305263157894736,-32.84,-50.690161527165934,-58.18181818181818,-15.670517327975892,생물공학
191420,테고사이언스,0,7560,-0.13210039630118892,5.88235294117647,-4.30379746835443,-45.961401000714794,-57.97665369649806,-52.80898876404494,-18.004338394793926,-56.55172413793104,-53.61963190184049,생물공학
196170,알테오젠,0,279500,-6.365159128978225,-19.68390804597701,4.681647940074907,0.48282085297152333,-23.768014750002727,19.292524904181853,726.5073779460035,638.1096997385586,-19.18882348179074,생물공학
007390,네이처셀,0,24800,4.862579281183932,8.296943231441048,-22.981366459627328,22.469135802469136,9.492273730684326,152.28891149542218,240.65934065934064,46.74556213017752,13.761467889908257,생물공학
185490,아이진,0,2105,9.293873312564902,15.469007131102577,46.997206703910614,44.07939767282683,-16.335453100158983,-29.504353650368387,-38.23356807511737,-72.03401089411452,21.046578493387006,생물공학
217730,강스템바이오텍,0,2210,-2.4282560706401766,-17.843866171003718,-17.996289424860855,-14.34108527131783,62.38060249816312,79.23763179237632,35.749385749385745,-4.535637149028078,-4.741379310344827,생물공학
358570,지아이이노베이션,0,8470,4.567901234567901,-8.333333333333332,-38.71201157742402,-40.352112676056336,-53.81679389312977,-24.246489580538412,-24.670935610103168,,-51.98412698412699,생물공학
078160,메디포스트,0,8900,2.1814006888633752,-13.592233009708737,-14.832535885167463,-60.532150776053214,-27.64227642276423,58.081705150976916,10.88960877149265,-43.34818586887333,-51.07201759208356,생물공학
388870,파로스아이바이오,0,5370,5.50098231827112,-8.828522920203735,-12.965964343598054,-43.17460317460318,-11.239669421487603,-45.20408163265306,-75.53530751708428,,-42.81150159744409,생물공학
299660,셀리드,0,2345,-3.4979423868312756,39.33452168746287,-2.0876826722338206,-9.980806142034549,-42.94403892944039,-59.31644691186676,-46.203257627896306,-82.26977166187812,-18.006993006993007,생물공학
331920,셀레믹스,0,14050,-2.0905923344947737,40.35964035964036,-7.382992748846408,123.01587301587303,368.3333333333333,161.15241635687732,195.78947368421055,51.400862068965516,417.49539594843463,생물공학
298060,풍전약품,0,2380,-3.054989816700611,-9.848484848484848,-18.213058419243985,-43.60189573459716,-60.200668896321076,-77.86046511627906,-88.70967741935483,-91.95402298850574,-52.96442687747036,생물공학
347850,디앤디파마텍,0,49500,0.9174311926605505,-24.65753424657534,-47.563559322033896,-46.37053087757313,19.231139801522303,473.38121162979263,,,-46.07843137254902,생물공학
251120,바이오에프디엔씨,0,8550,-3.061224489795918,3.0120481927710845,-8.653846153846153,-38.92857142857143,-55.81395348837209,-38.97216274089936,-44.62435233160622,-57.14285714285714,-45.88607594936709,생물공학
067370,선바이오,0,6300,1.4492753623188406,-4.25531914893617,8.433734939759036,26.37913741223671,-5.547226386806597,-10.0,-45.0261780104712,-60.50156739811913,10.915492957746478,생물공학
196300,HLB펩,0,4165,-2.2300469483568075,-6.614349775784753,-12.866108786610878,-41.25528913963329,-45.19736842105263,-67.51170046801872,-78.13648293963254,-54.48087431693989,-41.82960893854749,생물공학
222110,팬젠,0,4930,-1.103309929789368,-1.7928286852589643,7.173913043478261,0.81799591002045,-20.483870967741936,25.12690355329949,-19.575856443719413,-26.417910447761194,-11.964285714285715,생물공학
263050,유틸렉스,0,959,0.0,0.0,0.0,0.0,-42.36778846153847,-60.857142857142854,-73.0239099859353,-86.80880330123797,-13.447653429602887,생물공학
352770,셀레스트라,0,5250,0.0,0.0,0.0,0.0,0.0,-64.06570841889116,-87.41007194244604,-91.68843505105676,0.0,생물공학
002630,오리엔트바이오,0,913,0.0,-14.191729323308271,-6.646216768916155,-15.148698884758364,-29.76923076923077,-2.2483940042826553,-30.41158536585366,-36.50904033379694,-24.0432612312812,생물공학
446440,에피바이오텍,0,13460,5.984251968503937,-10.266666666666667,3.5384615384615383,-3.650680028632784,-10.266666666666667,28.19047619047619,-3.512544802867384,,-10.266666666666667,생물공학
095700,제넥신,0,2960,5.150976909413854,8.823529411764707,-1.9867549668874174,-39.406345957011254,-46.95340501792115,-52.715654952076676,-69.85743380855396,-85.57434572834933,-36.819637139807895,생물공학
950160,코오롱티슈진,0,17470,-2.4022346368715084,-9.622348680807036,-83.03883495145631,-83.07170542635659,-60.91722595078299,27.054545454545455,93.89567147613762,8.847352024922118,-78.05276381909547,생물공학
011000,진원생명과학,0,2670,0.0,0.0,-41.830065359477125,-50.873965041398336,-78.55421686746989,-79.140625,-86.34271099744245,-94.7128712871287,-72.74119448698315,생물공학
086900,메디톡스,0,68900,-3.2303370786516856,-14.833127317676142,-17.1875,-41.70896785109983,-43.43185550082102,-62.142857142857146,-75.34883720930232,-41.751348426694626,-42.9635761589404,생물공학
166480,코아스템켐온,0,2160,-2.262443438914027,-5.88235294117647,-14.624505928853754,-20.0,11.053984575835475,-76.23500935196391,-61.891319689484824,-74.71022128556375,16.883116883116884,생물공학
087010,펩트론,0,146500,-6.984126984126984,-19.989077007099944,-38.315789473684205,-50.83892617449665,-50.50675675675676,238.18878552136476,280.3021649966253,1574.0943892126613,-42.322834645669296,생물공학
322970,무진메디,0,1940,-0.41067761806981523,6.593406593406594,-2.463549522373052,-39.375,-10.392609699769054,17.36237144585602,-28.807339449541285,-58.05405405405405,-2.6593075765178122,생물공학
187420,HLB제넥스,0,1823,-5.101509630400833,2.994350282485876,-19.157427937915745,-29.884615384615387,-43.56037151702786,-44.8411497730711,-46.695906432748544,-79.04597701149424,-31.207547169811324,생물공학
476830,알지노믹스,0,28750,3.6036036036036037,-22.086720867208673,-38.03879310344828,-70.14537902388369,,,,,-64.17445482866043,생물공학
038070,서린바이오,0,4170,-2.2274325908558033,-9.347826086956522,-16.349047141424272,-37.1987951807229,-37.649521531100476,-42.31567298381519,-55.23349436392915,-65.72696638448262,-35.944700460829495,생물공학
049960,쎌바이오텍,0,15380,-2.5348542458808616,-3.270440251572327,-4.767801857585139,6.805555555555555,19.040247678018577,14.094955489614245,34.91228070175438,29.78902953586498,17.31502669717773,생물공학
145020,휴젤,0,236000,-3.8696537678207736,-15.56350626118068,-3.8696537678207736,-1.4613778705636742,-28.700906344410875,-4.838709677419355,90.93851132686083,106.47419072615922,2.386117136659436,생물공학
950260,인제니아테라퓨틱스(Reg.S),0,16000,-7.246376811594203,,,,,,,,,생물공학
246710,티앤알바이오팹,0,2195,-0.9029345372460496,-15.087040618955513,3.051643192488263,-32.7718223583461,18.97018970189702,-50.916815742397134,-75.87912087912088,-81.33979427016918,-43.8618925831202,생물공학
054050,NH농우바이오,0,6950,0.7246376811594203,-0.2869440459110474,-2.661064425770308,-14.932680538555692,-20.20665901262916,-1.5580736543909348,-16.062801932367147,-31.18811881188119,-12.797992471769135,생물공학
109820,진매트릭스,0,1582,-3.3598045204642637,6.747638326585695,-2.405922270203578,-28.09090909090909,-35.16393442622951,-45.63573883161512,-49.85736925515055,-73.36700336700336,-35.56008146639511,생물공학
373110,엑셀세라퓨틱스,0,1000,-12.89198606271777,-27.483683828861494,-26.035502958579883,-29.37853107344633,-58.745874587458744,-80.4036841073878,,,-39.79530403371463,생물공학
304360,에스바이오메딕스,0,21500,13.157894736842104,1.6548463356973995,-27.85234899328859,-40.77134986225895,3.864734299516908,-20.66420664206642,116.95257315842585,,-43.34650856389987,생물공학
464490,쿼드메디슨,0,4965,1.9507186858316223,-18.606557377049178,-36.18251928020565,-70.03621001810501,,,,,-68.15266196279667,생물공학
476040,오가노이드사이언스,0,6600,1.2269938650306749,-23.25581395348837,-44.25675675675676,-75.77981651376146,-81.94254445964432,,,,-82.76762402088774,생물공학
092040,아미코젠,0,973,0.8290155440414507,-8.63849765258216,-24.864864864864867,-28.926223520818116,-74.6284224250326,-79.09774436090225,-87.8995149856983,-90.41379310344828,-45.39842873176207,생물공학
389030,지니너스,0,1910,8.64618885096701,-18.72340425531915,-33.68055555555556,-63.96226415094339,-2.3017902813299234,30.82191780821918,-65.89285714285714,-20.0836820083682,-45.42857142857143,생물공학
064550,바이오니아,0,9800,-1.7051153460381143,35.5463347164592,28.777923784494085,-19.934640522875817,-33.014354066985646,-62.45210727969349,-76.99530516431925,-64.29872495446266,-23.137254901960784,생물공학
215570,크로넥스,0,553,-20.88698140200286,-25.672043010752688,-38.487208008898776,-55.040650406504064,-32.5609756097561,-6.745362563237774,-61.86206896551724,-78.1854043392505,-38.55555555555556,생물공학
216400,인바이츠바이오코아,0,1440,-22.162162162162165,134.14634146341464,-48.479427549194995,-61.9550858652576,-59.72027972027972,-77.21518987341773,-85.90998043052838,-82.85714285714286,-68.38638858397366,생물공학
032790,엠젠솔루션,0,1631,40.84628670120898,65.24822695035462,16.168091168091166,20.99406528189911,-11.646803900325027,-46.31336405529954,-70.4849800941006,-84.69981238273921,-23.998136067101584,IT서비스
294570,쿠콘,0,30950,12.13768115942029,48.08612440191388,42.956120092378754,2.4834437086092715,-11.571428571428571,115.37926235212248,48.44124700239808,3.33889816360601,8.97887323943662,IT서비스
488280,에스투더블유,0,10500,7.581967213114754,-10.256410256410255,-30.278884462151396,-38.089622641509436,,,,,-64.64646464646465,IT서비스
389680,유디엠텍,0,2130,18.530884808013358,98.69402985074626,-14.629258517034069,-35.74660633484163,-33.4375,,,,-16.141732283464567,IT서비스
261520,이지스,0,5510,25.227272727272727,29.64705882352941,21.365638766519822,-45.6071076011846,,,,,-46.19140625,IT서비스
462860,더즌,0,3320,1.6845329249617151,58.0952380952381,36.0655737704918,-10.75268817204301,-27.113062568605926,,,,-12.16931216931217,IT서비스
035510,신세계 I&C,0,16150,24.23076923076923,19.80712166172107,8.099062918340026,-2.357920193470375,5.83224115334207,77.66776677667767,22.720364741641337,10.238907849829351,-0.43156596794081376,IT서비스
357880,SKAI,0,1866,6.385404789053592,-18.157894736842106,-55.938606847697756,-61.12499999999999,-13.410672853828306,-1.9442984760903836,-56.289529163738585,-67.25741358133006,16.844082654978084,IT서비스
115500,케이씨에스,0,9240,6.820809248554912,2.2123893805309733,-21.561969439728355,2.3255813953488373,-2.428722280887012,63.25088339222616,24.864864864864867,56.34517766497462,-5.424769703172978,IT서비스
020180,대신정보통신,0,4100,1.8633540372670807,-1.9138755980861244,-17.587939698492463,-18.48906560636183,-17.917917917917915,-5.202312138728324,-29.613733905579398,-34.92063492063492,-19.37069813176008,IT서비스
189330,씨이랩,0,11670,9.47467166979362,-15.49601737871108,41.97080291970803,162.83783783783784,132.47011952191235,105.56632023956315,-21.66207961334497,-9.012942460626853,141.86528497409327,IT서비스
232830,아이티센피엔에스,0,1910,7.8486730660643715,10.660486674391658,-28.73134328358209,-36.22704507512521,-16.956521739130434,-14.349775784753364,-64.29906542056075,-51.275510204081634,-21.721311475409834,IT서비스
040350,크레오에스지,0,4175,-13.201663201663202,-39.75468975468976,-65.06276150627615,23.5207100591716,-17.5715695952616,-54.01982378854625,-24.570912375790424,-63.821490467937615,-14.708886618998978,IT서비스
234340,헥토파이낸셜,0,24200,5.217391304347826,16.626506024096386,5.446623093681917,-37.70913770913771,50.68493150684932,97.05235729989414,111.50148575423877,44.219308700834326,57.04088254380273,IT서비스
064260,다날,0,5120,2.4,3.4343434343434343,1.9920318725099602,-29.863013698630137,-39.76470588235294,62.53968253968254,38.56562922868741,-23.69597615499255,-28.888888888888886,IT서비스
303530,이노뎁,0,3080,3.5294117647058822,12.408759124087592,-8.19672131147541,-29.195402298850574,-51.950078003120126,-59.473684210526315,-71.37546468401487,-78.07829181494662,-44.20289855072464,IT서비스
065440,이루온,0,1402,2.785923753665689,-12.538989394884592,-32.433734939759034,-36.4172335600907,-16.098144823459005,11.446740858505565,-35.092592592592595,-55.42130365659778,-2.8413028413028414,IT서비스
372800,아이티아이즈,0,2950,-1.6666666666666667,1.549053356282272,1.8998272884283247,-32.494279176201374,-50.99667774086378,-55.90433482810164,-63.21695760598504,-68.65037194473965,-38.54166666666667,IT서비스
052460,아이크래프트,0,5040,8.38709677419355,-29.014084507042252,75.60975609756098,55.31587057010786,82.6086956521739,111.32075471698113,21.73913043478261,55.79598145285936,90.54820415879017,IT서비스
124500,아이티센글로벌,0,32100,-4.888888888888889,21.361058601134218,-26.036866359447004,-54.46808510638298,70.83555082490687,598.5854189336235,743.6268068331143,720.9718670076726,5.9405940594059405,IT서비스
072130,유엔젤,0,5260,9.69760166840459,7.897435897435898,3.1372549019607843,3.3398821218074657,-0.3787878787878788,48.16901408450705,46.927374301675975,63.862928348909655,15.477497255762898,IT서비스
463020,뉴엔AI,0,8460,2.669902912621359,-29.5,0.9546539379474941,-42.87643484132343,-67.39884393063585,,,,-50.117924528301884,IT서비스
163730,핑거,0,9290,-2.9258098223615465,-7.1,-34.066713981547196,-4.423868312757202,-28.702993092862624,-0.21482277121374865,-13.339552238805972,-19.567099567099568,-7.1928071928071935,IT서비스
328380,솔트웨어,0,4060,-6.451612903225806,19.06158357771261,21.19402985074627,5.317769130998703,-17.97979797979798,-12.026002166847237,-38.94736842105263,-59.4,-1.2165450121654502,IT서비스
333050,이노테나,0,5160,2.584493041749503,-1.338432122370937,-2.6415094339622645,-12.229971083517604,-36.996336996337,-21.747042766151043,-32.94346978557505,-51.12247797669792,-20.296570898980537,IT서비스
022100,포스코DX,0,21900,4.784688995215311,2.576112412177986,-19.18819188191882,-28.8961038961039,-0.6802721088435374,-14.785992217898833,-63.92092257001647,240.5909797822706,-23.82608695652174,IT서비스
351330,이삭엔지니어링,0,3430,-2.2792022792022792,-10.209424083769633,-33.78378378378378,-55.10471204188482,-61.80400890868597,-62.51366120218579,-69.40231935771632,-64.4559585492228,-59.263657957244654,IT서비스
408470,한패스,0,5160,-1.1494252873563218,-7.6923076923076925,-36.45320197044335,,,,,,,IT서비스
093320,케이아이엔엑스,0,141700,4.421518054532056,-5.090421969189551,23.863636363636363,42.55533199195171,62.68656716417911,108.07635829662262,110.86309523809523,174.08123791102514,17.010734929810074,IT서비스
322180,LS티라유텍,0,3995,-1.1138613861386137,-11.810154525386315,-24.049429657794676,-50.0,-27.231329690346083,-24.33712121212121,-62.24007561436673,34.6931894807822,-48.38501291989664,IT서비스
307950,현대오토에버,0,392500,1.8158236057068744,-9.038238702201621,-44.71830985915493,-4.848484848484849,130.34037558685446,152.08734746307,80.45977011494253,234.04255319148936,18.22289156626506,IT서비스
377030,비트맥스,0,1844,5.371428571428572,12.302070645554203,20.522875816993462,-57.295044001852716,-89.68737766344164,-78.27777123336081,-93.34055615745757,-97.12144864189823,-72.46117084826761,IT서비스
025770,한국정보통신,0,8020,1.390644753476612,-1.4742014742014742,7.076101468624834,0.7537688442211055,-8.447488584474886,-3.3734939759036147,-14.316239316239315,-39.69924812030075,4.699738903394255,IT서비스
214180,헥토이노베이션,0,14490,-0.13783597518952445,-4.7963206307490145,-3.7848605577689245,-31.650943396226417,-9.267376330619912,11.204911742133538,0.27681660899653976,1.3286713286713288,-10.11166253101737,IT서비스
053300,한국정보인증,0,5050,0.7984031936127743,9.071274298056156,-6.998158379373849,-16.528925619834713,-27.753934191702434,23.4718826405868,-0.9803921568627451,-5.075187969924812,-14.839797639123104,IT서비스
242040,나무AX,0,3100,0.16155088852988692,-19.58495460440986,-58.333333333333336,-36.99186991869919,116.78321678321679,97.9565772669221,25.0,67.11590296495957,134.13897280966768,IT서비스
403810,아이엘로보틱스,0,2215,-6.7368421052631575,-10.505050505050505,-6.7368421052631575,1.839080459770115,,,,,-22.552447552447553,IT서비스
413640,비아이매트릭스,0,5910,5.724508050089446,-10.725075528700906,-10.318664643399089,-30.22432113341204,-58.815331010452965,-24.133504492939668,,,-37.92016806722689,IT서비스
444530,심플랫폼,0,4465,-2.4043715846994536,-11.232604373757455,-40.30748663101604,-47.15976331360947,-61.27493495229835,,,,-47.96037296037296,IT서비스
377300,카카오페이,0,46950,4.916201117318435,6.221719457013575,4.799107142857143,-19.329896907216497,-10.22944550669216,105.47045951859957,5.387205387205387,-23.65853658536585,-4.378818737270876,IT서비스
039980,폴라리스AI,0,5270,5.4,-17.00787401574803,-17.26844583987441,-48.48988368683413,-56.56474078958213,-58.853841349156774,29.739044805514524,12.175393784589186,-41.090990386765036,IT서비스
377480,마음AI,0,9980,2.674897119341564,-13.96551724137931,-22.755417956656345,-37.507827175954915,-50.050050050050054,-6.902985074626866,-72.0839160839161,-31.17241379310345,-46.344086021505376,IT서비스
031820,아이티센씨티에스,0,5630,-3.595890410958904,-3.595890410958904,-5.378151260504202,-26.597131681877446,-9.630818619582666,1.8083182640144666,-28.73417721518987,-23.609226594301223,-4.898648648648648,IT서비스
234300,에스트래픽,0,3370,4.658385093167702,11.960132890365449,16.81109185441941,-3.1609195402298855,-12.807244501940493,-11.895424836601306,-24.269662921348313,-18.990384615384613,-3.7142857142857144,IT서비스
307870,비투엔,0,1342,0.22404779686333084,51.63841807909605,28.544061302681996,27.32447817836812,1.0542168674698795,-35.48076923076923,-39.0,-28.617021276595743,34.738955823293175,IT서비스
034310,NICE,0,12850,1.984126984126984,1.3406940063091484,3.7964458804523424,-8.279800142755175,-7.620416966211359,15.974729241877256,-6.477438136826782,-11.072664359861593,-1.077752117013087,IT서비스
094480,갤럭시아머니트리,0,5810,2.2887323943661975,8.598130841121495,-1.6920473773265652,-32.20536756126021,-45.29190207156309,-30.833333333333336,10.877862595419847,-5.681818181818182,-36.36363636363637,IT서비스
033230,인성정보,0,1034,-4.2592592592592595,3.4000000000000004,-16.947791164658636,-34.80453972257251,-51.569086651053865,-55.431034482758626,-66.3958401039974,-45.02923976608187,-42.36343366778149,IT서비스
038680,에스넷,0,3815,-2.4296675191815855,-0.7802340702210664,13.37295690936107,17.928902627511594,-1.29366106080207,-0.5474452554744526,-24.003984063745023,-32.10535682505784,12.205882352941176,IT서비스
267850,아시아나IDT,0,9330,0.6472491909385114,-1.1652542372881356,1.5233949945593037,-7.71513353115727,-20.32450896669513,-36.0958904109589,-24.939662107803702,-31.8978102189781,-18.014059753954307,IT서비스
033130,디지틀조선,0,1793,-4.47522642514651,-5.631578947368421,-6.2238493723849375,-41.21311475409836,16.96020874103066,18.741721854304636,-13.798076923076923,-12.749391727493917,5.470588235294118,IT서비스
060250,NHN KCP,0,14900,1.6371077762619373,5.374823196605375,2.5464556090846524,-23.97959183673469,15.683229813664596,98.40213049267643,71.6589861751152,12.452830188679245,-0.0670690811535882,IT서비스
336060,웨이버스,0,3030,0.6644518272425249,1.8487394957983194,-11.013215859030836,-39.095477386934675,-45.796064400715565,-62.890385793018986,-67.43686190220312,-58.20689655172414,-39.94053518334985,IT서비스
035600,KG이니시스,0,10230,-1.1594202898550725,0.9871668311944718,2.9175050301810868,-2.292263610315186,-0.7759456838021339,9.411764705882353,-7.504520795660036,-26.666666666666668,0.09784735812133072,IT서비스
079940,가비아,0,42600,-4.591265397536394,-6.373626373626373,37.41935483870968,51.06382978723404,59.849906191369605,227.9445727482679,210.49562682215742,270.4347826086956,32.093023255813954,IT서비스
452450,피아이이,0,4340,24.177396280400572,32.7217125382263,0.0,-22.77580071174377,-45.952677459526775,,,,-37.010159651669085,IT서비스
012030,DB,0,1569,6.8073519400953035,0.9003215434083601,-17.853403141361255,-14.355895196506548,-2.2429906542056073,19.134396355353076,-8.885017421602788,103.76623376623377,6.445047489823609,IT서비스
067920,이글루,0,5280,-1.675977653631285,-5.545617173524151,1.3435700575815739,-12.437810945273633,-5.545617173524151,3.5294117647058822,-17.5,-6.878306878306878,0.7633587786259541,IT서비스
279600,미디어젠,0,3915,-0.8860759493670887,-2.4906600249066,7.554945054945055,-35.502471169686984,-63.4794776119403,-65.77797202797203,-71.53141361256544,-67.98069845424062,-44.62517680339462,IT서비스
304100,솔트룩스,0,15860,2.3225806451612905,-13.710554951033732,2.0592020592020592,-35.78947368421053,-52.72727272727272,11.064425770308123,-61.69082125603865,89.26014319809069,-40.487804878048784,IT서비스
373170,엠아이큐브솔루션,0,2065,-6.561085972850679,16.01123595505618,-7.191011235955057,-13.958333333333334,-23.57512953367876,-16.767432486900443,-77.36490189630604,,-11.563169164882227,IT서비스
067730,로지시스,0,2245,0.672645739910314,2.981651376146789,-1.75054704595186,-6.458333333333334,-26.39344262295082,-7.613168724279835,-33.084947839046194,-59.910714285714285,-15.75984990619137,IT서비스
424760,벨로크,0,2410,-6.5891472868217065,10.045662100456621,-0.6185567010309279,14.109848484848486,20.62062062062062,16.088631984585742,-47.391399257803975,-50.7459636215001,16.088631984585742,IT서비스
069410,엔텔스,0,2635,-2.0446096654275094,-12.892561983471074,-31.647211413748376,-46.11451942740286,-50.28301886792453,-12.892561983471074,-45.388601036269435,-56.44628099173554,-48.12992125984252,IT서비스
039420,케이엘넷,0,2765,0.9124087591240875,-3.6585365853658534,3.9473684210526314,-3.9930555555555554,-9.93485342019544,7.170542635658915,10.379241516966067,-3.826086956521739,-3.826086956521739,IT서비스
064480,브리지텍,0,2775,0.5434782608695652,-0.7155635062611807,-9.461663947797716,-38.058035714285715,-44.94047619047619,-57.04334365325078,-65.44209215442092,-42.36760124610592,-40.64171122994652,IT서비스
052600,한네트,0,2980,-0.8319467554076538,-6.141732283464567,-3.2467532467532463,-12.865497076023392,-34.93449781659388,-18.13186813186813,-39.43089430894309,-58.72576177285319,-23.39331619537275,IT서비스
403360,라피치,0,6500,5.008077544426494,16.696588868940754,-20.73170731707317,-24.418604651162788,33.19672131147541,-31.650893796004205,-37.917860553963706,-46.058091286307054,-16.666666666666664,IT서비스
039290,인포뱅크,0,3850,0.7853403141361256,4.477611940298507,29.411764705882355,-17.558886509635975,-33.84879725085911,-41.93061840120664,-68.07628524046434,-72.79151943462897,-35.18518518518518,IT서비스
042500,링네트,0,4320,-1.1441647597254003,-2.7027027027027026,4.854368932038835,13.684210526315791,6.745737583395107,10.854503464203233,47.7933629832364,35.63579277864992,13.984168865435356,IT서비스
217880,틸론,0,1047,-1.2264150943396228,7.9381443298969065,-12.45819397993311,-18.07511737089202,-58.120000000000005,-64.74747474747474,-76.93832599118943,-90.56756756756756,-45.835488877392656,IT서비스
010280,아이티센엔텍,0,5250,-1.8691588785046727,0.3824091778202677,-9.32642487046632,-7.227425340166108,-6.898386238694804,72.58382642998028,26.414640019263185,13.293051359516618,8.046923235233587,IT서비스
038530,케이바이오랩스,0,999,0.0,-5.308056872037914,7.303974221267455,-42.2543352601156,-24.030418250950568,-21.953125,-35.755627009646304,-76.54929577464789,-17.095435684647303,IT서비스
066410,버킷스튜디오,0,1153,0.0,0.0,0.0,0.0,0.0,0.0,0.0,-54.51676528599606,0.0,IT서비스
115310,인포바인,0,9430,3.512623490669594,21.052631578947366,21.52061855670103,-41.209476309226936,-41.79012345679013,128.88349514563106,115.29680365296804,67.49555950266429,-24.439102564102562,IT서비스
121060,유니포인트,0,700,-11.39240506329114,-24.242424242424242,-15.966386554621847,29.390018484288355,-4.10958904109589,0.0,-24.65016146393972,-55.69620253164557,14.754098360655737,IT서비스
169330,엠브레인,0,1300,-2.6217228464419478,3.011093502377179,-24.198250728862973,-28.68897421832145,-37.34939759036144,-39.11007025761124,-57.0957095709571,-60.48632218844985,-31.107578166401694,IT서비스
173130,오파스넷,0,6320,12.056737588652481,6.397306397306397,-15.053763440860216,-15.281501340482572,-4.09711684370258,3.9473684210526314,-54.7925608011445,17.25417439703154,-4.819277108433735,IT서비스
199150,데이터스트림즈,0,1690,-15.07537688442211,-11.005792522380201,2.4242424242424243,-39.20863309352518,-41.724137931034484,-51.714285714285715,-67.74809160305344,-84.2056074766355,-11.09942135718043,IT서비스
243870,아이티센코어,0,8400,2.3142509135200973,-6.666666666666667,-8.695652173913043,-34.375,-6.770255271920089,-2.5522041763341066,-40.0,-45.806451612903224,-19.463087248322147,IT서비스
262840,아이퀘스트,0,2690,-2.536231884057971,-7.876712328767123,-10.033444816053512,-24.310635903207654,-37.44186046511628,-29.83828899321857,-55.271034253408715,-64.12376633769004,-26.422319474835888,IT서비스
263800,데이타솔루션,0,4700,1.0752688172043012,-12.962962962962962,8.670520231213873,2.3965141612200433,-11.153119092627598,16.33663366336634,-20.33898305084746,-6.9306930693069315,-5.905905905905906,IT서비스
462980,아이지넷,0,1550,-2.392947103274559,11.751982696467195,8.164689462665736,-29.545454545454547,-36.08247422680412,,,,-25.48076923076923,IT서비스
029480,광무,0,1548,7.425399028452463,2.0435069215557022,1.1103853690398433,-32.40174672489083,-43.70909090909091,-54.0652818991098,-50.93502377179081,-56.394366197183096,-29.315068493150687,IT서비스
486990,노타,0,17800,0.9642654566080544,-17.972350230414747,-34.67889908256881,-61.092896174863384,,,,,-61.55507559395248,IT서비스
045510,정원엔시스,0,1136,2.3423423423423424,10.077519379844961,41.11801242236025,55.82990397805213,15.096251266464034,25.524861878453038,-6.038047973531844,-30.73170731707317,27.069351230425053,IT서비스
465480,인스피언,0,3550,1.5736766809728182,9.230769230769232,-16.372202591283862,-30.528375733855185,-42.8341384863124,,,,-32.89224952741021,IT서비스
054220,비츠로시스,0,1657,6.4910025706940875,4.14833438089252,4.8734177215189876,-41.552028218694886,-14.145077720207253,-29.936575052854124,-42.16404886561955,-76.90592334494774,-15.242966751918157,IT서비스
067010,이씨에스,0,2540,1.3972055888223553,20.379146919431278,28.347650328448708,15.717539863325742,-3.787878787878788,-9.44741532976827,-22.91350531107739,-31.812080536912752,2.0080321285140563,IT서비스
032680,소프트센,0,885,-4.633620689655173,-1.447661469933185,-9.509202453987731,-27.160493827160494,-40.0,-62.01716738197425,-76.6798418972332,-73.6998514115899,-42.90322580645161,IT서비스
199480,뱅크웨어글로벌,0,3855,-3.504380475594493,35.73943661971831,14.391691394658753,-18.152866242038215,-43.80466472303207,-50.57692307692307,,,-26.85009487666034,IT서비스
041460,한국전자인증,0,3520,-0.14184397163120568,2.0289855072463765,10.172143974960877,-8.452535760728217,-15.282791817087846,2.0289855072463765,-17.852975495915985,-35.53113553113553,-5.503355704697987,IT서비스
286940,롯데이노베이트,0,18310,2.807411566535654,-5.4235537190082646,-6.3905930470347645,-20.735930735930737,-15.427251732101615,-21.416309012875537,-31.294559099437148,-31.55140186915888,-5.4235537190082646,IT서비스
040160,누리플렉스,0,6940,7.931570762052877,30.206378986866795,-20.956719817767656,-31.287128712871286,52.52747252747253,161.8867924528302,41.05691056910569,15.859766277128548,84.32934926958832,IT서비스
356890,싸이버원,0,2330,0.8658008658008658,-2.510460251046025,-9.514563106796116,-29.286798179059183,-27.751937984496124,-23.48111658456486,-45.81395348837209,-40.802845528455286,-40.937896070975924,IT서비스
046440,KG파이낸셜,0,4210,1.0804321728691477,-0.11862396204033215,1.3237063778580023,-15.8,-17.288801571709232,-4.426787741203178,-24.280575539568343,-36.40483383685801,-10.425531914893616,IT서비스
315640,딥노이드,0,1760,4.513064133016627,1.7929438982070562,-20.72072072072072,-51.24653739612188,-61.01882613510521,-62.060788963138606,-87.53011194558594,-44.87942373943,-45.76271186440678,IT서비스
068100,케이웨더,0,2315,-0.6437768240343348,-0.8565310492505354,1.9823788546255507,-17.32142857142857,-21.258503401360542,-45.720984759671744,,,-24.098360655737704,IT서비스
443670,에스피소프트,0,3875,-10.919540229885058,19.047619047619047,10.714285714285714,-18.07610993657505,-37.297734627831716,-54.03321470937129,,,-28.899082568807337,IT서비스
052400,코나아이,0,35950,-4.388297872340425,-15.610328638497654,-27.883650952858574,-45.93984962406015,-30.194174757281555,134.66057441253264,111.47058823529412,133.44155844155844,-20.814977973568283,IT서비스
431190,케이쓰리아이,0,2895,-8.240887480190175,9.45179584120983,9.45179584120983,-32.04225352112676,-44.64627151051625,-63.76720901126408,,,-42.44532803180914,IT서비스
355390,크라우드웍스,0,1299,-2.4774774774774775,-36.3235294117647,-58.231511254019296,-51.710037174721194,-77.64199655765921,-76.82012847965738,-95.56867025994406,,-61.51111111111112,IT서비스
311960,인터로이드,0,1770,-1.447661469933185,-11.455727863931967,4.240282685512367,28.26086956521739,-6.79304897314376,-43.80952380952381,-87.99185888738128,,4.240282685512367,IT서비스
064850,에프앤가이드,0,17440,10.73015873015873,-0.9090909090909091,-27.784679089026916,-14.718826405867972,105.41813898704358,19.45205479452055,126.4935064935065,164.24242424242422,101.38568129330254,IT서비스
064400,LG씨엔에스,0,72100,-3.2214765100671143,-2.0380434782608696,-22.473118279569892,6.185567010309279,3.741007194244604,,,,17.42671009771987,IT서비스
072770,멤레이비티,0,864,-7.6923076923076925,16.599190283400812,-11.83673469387755,-43.007915567282325,-63.57504215851601,-78.92682926829269,-87.18100890207715,-75.02890173410405,-46.666666666666664,IT서비스
391710,코닉오토메이션,0,1070,-8.625106746370625,-19.12320483749055,-32.788944723618094,-41.46608315098469,-60.51660516605166,-50.23255813953489,-71.23655913978494,-76.71381936887923,-53.275109170305676,IT서비스
057680,티사이언티픽,0,1706,-3.995498030388295,3.3939393939393945,-25.17543859649123,-50.21885030639043,-72.21950822341638,-61.90263510495757,-90.94720084903157,-88.94576556729086,-58.165767533104464,IT서비스
070590,인티큐브,0,2055,8.50052798310454,21.597633136094675,23.795180722891565,0.4889975550122249,11.563517915309445,87.1584699453552,-4.4186046511627906,-5.517241379310345,-4.640371229698376,IT서비스
018260,삼성에스디에스,0,224500,-3.648068669527897,0.8988764044943821,-2.178649237472767,39.527656929770046,39.18164910105394,44.83870967741935,52.51358695652174,83.26530612244898,30.903790087463555,IT서비스
042000,카페24,0,15540,-3.117206982543641,-14.802631578947366,-19.77284460505937,-45.75916230366492,-61.439205955334984,-47.052810902896084,19.90740740740741,21.40625,-48.45771144278607,IT서비스
483350,딜리셔스,0,3055,2.861952861952862,,,,,,,,,IT서비스
393210,토마토시스템,0,2225,-4.914529914529915,-9.183673469387756,-23.67066895368782,-50.05611672278339,-68.12320916905445,-62.916666666666664,-57.69961977186312,-77.66064257028113,-56.71206225680934,IT서비스
367000,플래티어,0,3360,-1.1764705882352942,6.329113924050633,16.666666666666664,-7.6923076923076925,-25.16703786191537,-34.50292397660819,-71.50127226463104,-74.05405405405405,-19.809069212410503,IT서비스
181710,NHN,0,57800,-15.0,38.44311377245509,44.13965087281795,47.82608695652174,121.455938697318,225.08436445444318,128.9108910891089,140.83333333333334,98.9672977624785,IT서비스
007120,미래아이앤지,0,1051,-10.324232081911262,-7.968476357267951,-15.310233682514102,-40.453257790368276,13.621621621621621,-10.477001703577512,-21.273408239700377,-25.195729537366546,14.23913043478261,IT서비스
032685,소프트센우,0,8300,-4.377880184331797,-10.27027027027027,-64.45396145610277,-72.14765100671141,-73.65079365079366,-78.63577863577864,-83.38338338338338,-82.59958071278825,-76.48725212464589,IT서비스
900340,윙입푸드,0,1489,-1.1944260119442602,-26.287128712871286,-10.944976076555024,-43.95935265336846,-66.2358276643991,-79.46773303916162,-63.08874566187407,-67.2243011226062,-53.497813866333544,식품
140410,메지온,0,74000,11.951588502269288,21.311475409836063,18.4,-40.65757818765036,38.83677298311445,129.45736434108528,45.66929133858268,332.7485380116959,-17.869034406215317,식품
051780,큐로홀딩스,0,2645,4.545454545454546,-16.82389937106918,-29.46666666666667,-27.534246575342465,-29.27807486631016,-75.53191489361703,-83.89159561510353,-87.91961635076501,-55.806182121971595,식품
004415,서울식품우,0,5360,4.892367906066536,5.928853754940711,-25.555555555555554,-55.22138680033417,-57.08566853482786,-59.021406727828754,-70.05586592178771,-82.36842105263158,-60.0,식품
002680,한탑,0,2965,13.38432122370937,79.26239419588875,43.583535108958834,-22.38219895287958,-18.767123287671232,-14.676258992805755,-59.21595598349381,-69.74489795918367,-17.062937062937063,식품
030720,동원수산,0,5220,-5.605786618444846,-17.92452830188679,-12.709030100334449,-11.37521222410866,-13.432835820895523,-10.0,-37.334933973589436,-43.567567567567565,-14.144736842105262,식품
066360,체리부로,0,1420,2.4531024531024532,5.970149253731343,-11.13892365456821,-34.98168498168498,-12.01982651796778,-14.043583535108958,-56.495098039215684,-28.786359077231694,-5.585106382978723,식품
311390,네오크레마,0,2455,0.8213552361396305,3.5864978902953584,-19.376026272578,-47.43040685224839,-70.94674556213018,-61.45996860282574,-73.25708061002179,-79.7107438016529,-58.17717206132878,식품
236030,씨알푸드,0,2900,-8.517350157728707,9.227871939736348,-30.952380952380953,70.58823529411765,222.5806451612903,332.8358208955224,-48.028673835125446,-56.71641791044776,52.711953659820956,식품
005860,한일사료,0,2410,0.0,-3.9840637450199203,-5.6751467710371815,-43.75729288214703,-30.547550432276655,-39.52321204516939,-53.20388349514563,-56.57657657657658,-21.49837133550489,식품
248170,샘표식품,0,23200,0.4329004329004329,-4.329896907216495,1.3100436681222707,-18.30985915492958,-13.432835820895523,-17.142857142857142,-26.813880126182966,-35.46592489568845,-18.30985915492958,식품
003680,한성기업,0,4790,1.2684989429175475,-23.113964686998393,5.622932745314222,-5.708661417322835,-14.464285714285715,-7.170542635658915,-10.46728971962617,-23.113964686998393,-12.909090909090908,식품
005180,빙그레,0,85500,-7.866379310344827,23.55491329479769,27.043090638930163,10.751295336787564,20.253164556962027,37.23916532905297,60.41275797373359,93.22033898305084,14.76510067114094,식품
368970,오에스피,0,2580,0.5847953216374269,11.688311688311687,27.786032689450224,22.39089184060721,-22.10144927536232,-40.346820809248555,-65.9270998415214,,-1.3761467889908259,식품
145995,삼양사우,0,33200,0.45385779122541603,1.06544901065449,7.269789983844912,-7.391910739191074,-5.142857142857142,11.036789297658862,30.451866404715126,4.40251572327044,-9.782608695652174,식품
267980,매일유업,0,34400,0.5847953216374269,-0.2898550724637681,2.380952380952381,-8.51063829787234,-4.5769764216366156,-14.534161490683232,-19.813519813519815,-38.1294964028777,-2.272727272727273,식품
006090,사조오양,0,8950,-0.995575221238938,4.069767441860465,9.27960927960928,8.222490931076178,-10.050251256281408,-5.7894736842105265,5.667060212514758,3.348729792147806,-1.1049723756906076,식품
008040,사조동아원,0,8390,7.979407979407979,28.287461773700308,-4.441913439635535,-27.23330442324371,-23.865698729582576,-14.735772357723578,-18.30574488802337,-35.21235521235521,-24.07239819004525,식품
136480,하림,0,2680,1.5151515151515151,-1.8315018315018317,-6.782608695652175,-13.964686998394862,-10.8153078202995,-2.898550724637681,-8.532423208191126,-3.597122302158273,-11.11111111111111,식품
002140,고려산업,0,2055,-0.7246376811594203,-2.8368794326241136,4.314720812182741,-26.21184919210054,-24.587155963302752,-14.553014553014554,-43.07479224376731,-62.08487084870848,-19.094488188976378,식품
025880,케이씨피드,0,2375,-0.21008403361344538,-8.829174664107486,-5.189620758483033,-21.357615894039736,-17.391304347826086,-0.21008403361344538,-11.380597014925373,-23.633440514469452,-11.71003717472119,식품
229500,노브메타파마,0,4900,8.88888888888889,-2.7777777777777777,-38.75,-44.44444444444444,-66.71195652173914,-3.543307086614173,-76.09756097560975,-60.0,-63.70370370370371,식품
084690,대상홀딩스,0,8000,0.5025125628140703,0.628930817610063,-3.0303030303030303,-15.343915343915343,-15.254237288135593,-2.912621359223301,15.107913669064748,2.6957637997432604,-18.367346938775512,식품
001685,대상우,0,14820,0.9536784741144414,2.4896265560165975,2.9166666666666665,-12.151748666271487,-11.522388059701493,-6.96798493408663,9.534368070953436,-6.20253164556962,-13.028169014084506,식품
007310,오뚜기,0,334000,-0.5952380952380952,-0.44709388971684055,-1.7647058823529411,-8.618331053351573,-14.578005115089516,-16.5,-7.734806629834254,-27.391304347826086,-13.246753246753245,식품
027710,팜스토리,0,1135,3.1818181818181817,3.8426349496797805,8.61244019138756,-13.490853658536587,-4.138513513513513,-14.145234493192133,-38.2480957562568,-49.330357142857146,-0.9598603839441536,식품
339770,교촌에프앤비,0,3800,-1.0416666666666665,-0.1314060446780552,-5.0,-10.588235294117647,-21.810699588477366,-5.543127019637087,-7.158563400928414,-30.326365969930325,-12.442396313364055,식품
026960,동서,0,25600,0.39215686274509803,-3.5781544256120528,0.5893909626719057,0.19569471624266144,-6.909090909090909,41.20242691671263,47.72071552221581,16.894977168949772,-4.655493482309125,식품
003925,남양유업우,0,29600,0.1692047377326565,-3.5830618892508146,-12.296296296296298,-27.716727716727718,-13.576642335766422,-0.33670033670033667,20.08113590263692,37.323126884713524,-12.941176470588237,식품
007160,사조산업,0,50100,-0.199203187250996,-7.734806629834254,18.86120996441281,-5.471698113207547,1.5197568389057752,-20.476190476190474,24.78206724782067,14.514285714285712,-7.393715341959335,식품
218150,미래생명자원,0,2035,-6.0046189376443415,-2.631578947368421,5.4404145077720205,-39.162929745889386,-41.269841269841265,-47.753530166880616,-59.05432595573441,-66.25207296849088,-31.596638655462183,식품
208140,정다운,0,2265,-1.5217391304347827,-0.22026431718061676,1.1160714285714286,-10.474308300395258,-15.485074626865671,-7.172131147540983,-6.40495867768595,1.1160714285714286,-14.204545454545455,식품
145990,삼양사,0,47950,2.021276595744681,5.849889624724062,9.725400457665904,3.118279569892473,-3.229061553985873,-0.4153686396677051,4.239130434782608,20.175438596491226,1.160337552742616,식품
014710,사조씨푸드,0,10540,0.38095238095238093,-4.787714543812105,47.41258741258741,37.77777777777778,16.335540838852097,69.72624798711755,142.85714285714286,98.49340866290018,14.440825190010859,식품
435570,에르코스,0,7150,3.7735849056603774,-0.4178272980501393,8.99390243902439,-35.05903723887375,-38.99317406143344,,,,-51.721809588116145,식품
002600,조흥,0,139900,1.4503263234227701,2.8676470588235294,1.8195050946142648,-6.296048225050234,-10.032154340836012,-20.14840182648402,-25.426439232409383,-23.13186813186813,-12.562499999999998,식품
072710,농심홀딩스,0,93200,-1.0615711252653928,2.1929824561403506,3.211517165005537,-0.4273504273504274,15.346534653465346,42.50764525993883,42.073170731707314,37.26067746686304,2.983425414364641,식품
005740,크라운해태홀딩스,0,5650,0.0,-2.249134948096886,-1.0507880910683012,-15.037593984962406,-21.63661581137309,-2.9209621993127146,-5.990016638935108,-18.82183908045977,-16.911764705882355,식품
001795,대한제당우,0,2175,0.2304147465437788,1.6355140186915886,3.8186157517899764,-8.99581589958159,-12.121212121212121,-12.825651302605209,-23.28042328042328,-19.74169741697417,-14.201183431952662,식품
073560,우리손에프앤지,0,1534,1.0540184453227932,1.2541254125412542,-2.8499050031665614,-9.123222748815166,-1.8554062699936023,21.746031746031747,-15.201768933112216,-18.186666666666667,1.5894039735099337,식품
005990,매일홀딩스,0,11000,2.9962546816479403,2.0408163265306123,0.18214936247723132,-0.9900990099009901,1.8518518518518516,33.65735115431349,30.33175355450237,25.0,-0.6323396567299007,식품
016790,현대사료,0,994,0.0,0.0,0.0,0.0,0.0,0.0,-78.17782656421515,-84.10363025747641,0.0,식품
353810,이지바이오,0,6060,-5.900621118012422,-6.481481481481481,-7.76255707762557,-13.920454545454545,3.061224489795918,53.61216730038023,69.0376569037657,31.027027027027028,4.3029259896729775,식품
097955,CJ제일제당 우,0,120900,-0.575657894736842,-5.027494108405342,-0.49382716049382713,-6.279069767441861,-14.799154334038056,-11.687363038714391,-10.709010339734121,-26.948640483383684,-12.391304347826088,식품
290720,푸드나무,0,2705,-4.5855379188712515,-8.305084745762711,-15.863141524105753,8.200000000000001,32.27383863080684,-26.79296346414073,-69.26136363636364,-74.57228802406468,35.65697091273822,식품
002760,보락,0,1004,-1.27826941986234,-0.8884501480750246,9.846827133479213,-17.09331131296449,-3.088803088803089,-1.953125,-31.793478260869566,-38.96656534954408,-4.106972301814708,식품
001800,오리온홀딩스,0,25450,-0.3913894324853229,-8.94454382826476,-8.94454382826476,5.601659751037345,22.355769230769234,66.12271540469973,67.65480895915678,79.22535211267606,23.24455205811138,식품
007540,샘표,0,42850,-1.1534025374855825,-6.236323851203501,0.7050528789659225,-24.02482269503546,-12.729124236252545,-5.824175824175824,-20.353159851301115,-6.948968512486428,-12.372188139059306,식품
103840,우양,0,1657,-0.7189934092270821,-9.79858464888405,-24.681818181818183,-44.395973154362416,-63.34070796460177,-62.1689497716895,-70.98073555166374,-51.12094395280236,-48.858024691358025,식품
017810,풀무원,0,9350,-2.705515088449532,-0.8483563096500532,-4.883011190233978,-22.148209825145713,-33.07086614173229,-9.39922480620155,-10.182516810758885,-25.793650793650798,-27.743431221020092,식품
101530,해태제과식품,0,5540,-1.4234875444839856,-2.9772329246935203,-0.8944543828264758,-16.314199395770395,-17.189835575485798,0.18083182640144665,-1.9469026548672566,-17.436661698956783,-17.313432835820898,식품
264900,크라운제과,0,8030,-1.5931372549019607,-1.5931372549019607,0.0,-4.744958481613286,-14.574468085106382,-3.2530120481927707,-6.519208381839348,-8.542141230068337,-8.64618885096701,식품
005745,크라운해태홀딩스우,0,5200,0.0,-1.5151515151515151,-12.013536379018612,-29.443690637720486,-36.11793611793612,-41.57303370786517,-51.80722891566265,-54.18502202643172,-36.81652490886999,식품
280360,롯데웰푸드,0,139100,-6.39300134589502,6.264323911382736,32.476190476190474,23.20637732506643,23.644444444444446,4.507888805409467,23.53463587921847,9.098039215686274,21.37870855148342,식품
088910,동우팜투테이블,0,2070,0.48543689320388345,-5.045871559633028,-11.538461538461538,-15.682281059063136,-3.7209302325581395,4.124748490945674,-32.242225859247135,-24.727272727272727,-0.4807692307692308,식품
006980,우성,0,17790,12.666244458518051,7.104154124021673,1.599086236436322,-16.67447306791569,2.2413793103448274,20.610169491525422,-20.04494382022472,-26.79012345679012,10.841121495327103,식품
001790,대한제당,0,2830,-1.9064124783362217,2.3508137432188065,17.42738589211618,2.722323049001815,-4.873949579831933,0.17699115044247787,-15.269461077844312,-6.907894736842106,0.17699115044247787,식품
006040,동원산업,0,37450,-0.9259259259259258,-0.7947019867549668,15.944272445820435,-2.600780234070221,-20.824524312896404,36.828644501278774,20.074385199910225,-9.878474311153893,-10.620525059665871,식품
453340,현대그린푸드,0,18520,-0.9095773140716961,-2.0624008461131678,7.549361207897793,17.289423685877136,16.404776869893148,56.28691983122363,57.48299319727891,,18.641896220371557,식품
004410,서울식품,0,1183,-6.850393700787402,8.234217749313816,16.32251720747296,-42.57281553398059,-23.67741935483871,-27.423312883435585,-40.25252525252525,-50.912863070539416,-20.604026845637584,식품
188040,바이오포트,0,4950,-0.5025125628140703,-4.807692307692308,0.9174311926605505,-21.80094786729858,-63.576158940397356,,,,-38.50931677018634,식품
005670,푸드웰,0,6300,-1.4084507042253522,-4.545454545454546,1.7770597738287561,6.960950764006792,-21.052631578947366,29.230769230769234,25.748502994011975,1.6129032258064515,1.7770597738287561,식품
011150,CJ씨푸드,0,1986,-0.7000000000000001,-3.3576642335766427,-2.407862407862408,-25.75700934579439,-31.280276816609,-39.7268588770865,-38.986175115207374,-34.56342668863262,-30.437828371278457,식품
222980,한국맥널티,0,2110,-6.430155210643015,2.4271844660194173,11.995753715498939,-20.37735849056604,-42.972972972972975,-42.50681198910082,-56.40495867768595,-71.2534059945504,-34.77588871715611,식품
084695,대상홀딩스우,0,12450,4.096989966555184,4.7098402018502945,-3.3385093167701863,-15.650406504065039,-0.796812749003984,-34.05720338983051,51.64433617539586,26.01214574898785,-9.190371991247265,식품
004970,신라교역,0,9200,-0.7551240560949299,-1.4989293361884368,1.21012101210121,-2.851108764519535,-0.9687836383207751,-0.7551240560949299,6.728538283062645,-17.48878923766816,0.0,식품
003310,대주산업,0,1690,1.9915509957754978,0.17783046828689983,-9.62566844919786,-59.17874396135265,-0.2949852507374631,25.557206537890043,-11.005792522380201,-41.11498257839721,-50.294117647058826,식품
004370,농심,0,413500,-5.485714285714286,4.156171284634761,10.266666666666667,12.059620596205962,1.3480392156862746,9.247027741083222,-5.808656036446469,43.0795847750865,-4.393063583815029,식품
097950,CJ제일제당,0,181400,-0.6571741511500547,-11.72749391727494,-6.831022085259374,-9.20920920920921,-22.145922746781117,-41.57809983896941,-39.02521008403361,-53.48717948717949,-12.788461538461537,식품
271560,오리온,0,120000,-5.88235294117647,-12.727272727272727,-13.106444605358437,-7.192575406032482,11.214087117701576,35.13513513513514,-2.755267423014587,23.96694214876033,13.528855250709556,식품
003920,남양유업,0,42550,-3.295454545454545,-5.3392658509454956,-4.596412556053812,-23.881932021466906,-24.55673758865248,-10.326659641728135,-8.198489751887811,4.519774011299435,-15.06986027944112,식품
178600,대동고려삼,0,1868,0.8639308855291578,-4.352278545826933,-9.975903614457831,-14.114942528735632,-6.55327663831916,-33.285714285714285,-30.557620817843866,-53.2415519399249,-25.130260521042086,식품
005610,삼립,0,41800,1.70316301703163,3.4653465346534658,3.4653465346534658,-18.992248062015506,-23.30275229357798,-17.391304347826086,-37.61194029850746,-47.48743718592965,-19.460500963391137,식품
001130,대한제분,0,11440,-2.886247877758913,-3.296703296703297,0.26292725679228746,-24.885095206828627,-21.048999309868872,-16.86046511627907,-10.694769711163152,-20.0,-21.6974674880219,식품
003960,사조대림,0,28850,-6.026058631921824,-10.403726708074535,15.169660678642716,-13.363363363363364,-29.975728155339805,-46.074766355140184,2.6690391459074734,14.257425742574256,-22.550335570469798,식품
027740,마니커,0,1497,-0.4654255319148936,27.187765505522517,11.716417910447761,-10.680190930787589,-10.036057692307693,-20.287539936102235,-37.7287853577371,-45.56363636363636,-4.528061224489796,식품
009780,엠에스씨,0,6760,-5.454545454545454,6.456692913385827,9.740259740259742,-5.980528511821975,-29.36259143155695,33.86138613861387,16.151202749140893,20.714285714285715,-14.646464646464647,식품
001680,대상,0,18560,-0.053850296176628974,1.0342950462710943,4.211117349803481,-9.683698296836983,-18.05739514348786,-8.796068796068795,2.0902090209020905,-15.636363636363637,-11.82897862232779,식품
403490,우듬지팜,0,2100,-11.578947368421053,-16.831683168316832,-45.241199478487616,-68.37349397590361,-76.45739910313901,-76.80839315295417,,,-72.76264591439688,식품
011155,CJ씨푸드1우,0,6240,-0.16,-1.8867924528301887,-34.45378151260504,-56.51567944250871,-62.27327690447401,-63.31569664902999,-68.7374749498998,-77.55395683453237,-61.951219512195124,식품
035810,이지홀딩스,0,4600,-1.0752688172043012,1.3215859030837005,7.476635514018691,-22.165820642978005,18.10012836970475,80.3921568627451,57.534246575342465,35.89364844903989,2.793296089385475,식품
003230,삼양식품,0,1265000,-14.237288135593221,-1.7857142857142856,7.568027210884354,16.482504604051567,-17.963683527885863,149.01574803149606,575.7478632478633,1055.2511415525114,2.761982128350934,식품
277410,인산가,0,5370,-5.457746478873239,-4.618117229129663,-34.19117647058824,-51.358695652173914,-56.72844480257857,-62.863070539419084,-77.00214132762314,-72.03125,-55.87510271158587,식품
260970,에스앤디,0,52000,-6.810035842293908,-12.013536379018612,2.766798418972332,-5.454545454545454,-58.23293172690763,61.74183514774495,264.4008409250175,153.04136253041364,-23.641703377386197,식품
136490,선진,0,10710,5.517241379310345,-0.4646840148698885,15.783783783783784,3.9805825242718447,-4.203935599284437,55.442670537010166,36.43312101910828,7.63819095477387,10.412371134020619,식품
003380,하림지주,0,11100,3.7383177570093453,-2.0300088261253313,8.081791626095423,-27.92207792207792,35.69682151589242,118.0746561886051,57.67045454545454,41.94373401534527,4.421448730009407,식품
036580,팜스코,0,2630,5.8350100603621735,-3.1307550644567224,2.3346303501945527,-19.69465648854962,-2.0484171322160147,17.410714285714285,-26.842837273991655,-48.431372549019606,9.812108559498958,식품
195500,마니커에프앤지,0,1728,-2.81214848143982,-0.057836899942163095,-25.517241379310345,-36.23616236162361,-38.93992932862191,-38.17531305903399,-55.86206896551724,-53.170731707317074,-38.93992932862191,식품
065150,대산F&B,0,1349,-6.96551724137931,-17.23926380368098,-53.402417962003454,-53.402417962003454,-53.402417962003454,-53.402417962003454,-75.33820840950641,-85.24715660542432,-53.402417962003454,식품
025870,신라에스지,0,1018,-30.273972602739725,-61.72932330827068,-65.25597269624573,-76.78449258836945,-81.6245487364621,-82.77495769881557,-87.3067331670823,-89.78936810431294,-81.00746268656717,식품
048410,현대바이오,0,7130,17.269736842105264,-5.437665782493369,-21.475770925110133,-57.279808268424205,24.0,-24.526304646977877,-42.78606965174129,-62.773455855479554,43.605236656596176,화장품
226340,본느,0,5990,-1.4802631578947367,-3.387096774193549,144.98977505112472,190.0726392251816,47.901234567901234,-22.958199356913184,-39.94987468671679,-13.439306358381502,84.3076923076923,화장품
250030,진코스텍,0,20900,4.239401496259352,-13.991769547325102,5.502271580010095,46.76966292134831,81.26626192541197,398.212157330155,480.55555555555554,409.7560975609756,44.13793103448276,화장품
083660,CSA 코스믹,0,1564,-5.212121212121213,9.37062937062937,-30.365093499554764,-25.488327775131015,-71.1705069124424,-78.2293986636971,-84.06520631686195,-82.65498502827991,-56.09208309938237,화장품
003350,한국화장품제조,0,13340,0.30075187969924816,47.893569844789354,62.28710462287105,38.095238095238095,11.352253756260435,-20.31063321385902,130.0,202.49433106575964,36.400817995910025,화장품
032940,원익,0,10200,41.27423822714682,69.7171381031614,41.66666666666667,-1.066925315227934,39.34426229508197,149.6940024479804,199.55947136563876,186.11500701262273,-3.5916824196597354,화장품
237880,클리오,0,12050,-6.22568093385214,6.542882404951371,14.32637571157495,3.0795551753635584,-15.021156558533145,-61.62420382165605,-53.5645472061657,-12.043795620437956,-7.521105141980046,화장품
950140,잉글우드랩,0,8350,-4.352806414662084,-8.543263964950713,-7.836644591611479,-34.25196850393701,-39.05109489051095,-33.46613545816733,-31.219110378912685,91.95402298850574,-25.843694493783303,화장품
025620,차AI헬스케어,0,4700,-1.6736401673640167,-3.0927835051546393,-25.51505546751189,-51.041666666666664,-42.61294261294261,-6.374501992031872,-33.80281690140845,-73.21479455177523,-55.909943714821765,화장품
318160,셀바이오휴먼텍,0,6270,-4.2748091603053435,-12.916666666666668,10.777385159010601,-12.674094707520892,-35.160289555325754,101.28410914927768,29.81366459627329,,-23.25581395348837,화장품
451250,삐아,0,7390,-2.763157894736842,-2.2486772486772484,0.9562841530054645,-14.069767441860465,-22.77951933124347,-49.41820670773443,,,-19.67391304347826,화장품
018700,졸스,0,1410,1.658255227108868,-3.159340659340659,5.538922155688622,-16.518650088809945,-58.2963620230701,-57.41467834491091,-74.58085451595457,-82.09296418592838,-48.82032667876588,화장품
192820,코스맥스,0,266500,-6.654991243432574,30.95823095823096,60.63893911995177,50.395033860045146,23.094688221709006,110.17350157728707,83.41362697866484,347.1476510067114,63.49693251533742,화장품
051900,LG생활건강,0,291500,-1.8518518518518516,-8.90625,22.22222222222222,16.83366733466934,-0.5119453924914675,-15.751445086705202,-36.972972972972975,-55.49618320610688,12.76595744680851,화장품
489460,바이오비쥬,0,10820,-5.913043478260869,-1.187214611872146,52.824858757062145,12.474012474012476,-36.16519174041298,,,,-19.73293768545994,화장품
270210,에스알바이오텍,0,12480,-0.16,-10.66571224051539,-5.0228310502283104,-59.21568627450981,-44.900662251655625,51.08958837772397,133.7078651685393,278.1818181818182,-42.35565819861432,화장품
227610,아우딘퓨쳐스,0,1060,-2.483900643974241,-9.168808911739502,0.1890359168241966,-27.397260273972602,-47.211155378486055,-69.81776765375855,-75.0,-77.82426778242679,-33.33333333333333,화장품
265740,엔에프씨,0,6900,-2.5423728813559325,5.343511450381679,35.826771653543304,-16.867469879518072,1.1730205278592376,120.0956937799043,55.4054054054054,39.39393939393939,63.70106761565836,화장품
086710,선진뷰티사이언스,0,6990,-8.14717477003942,-12.075471698113208,-7.171314741035857,-23.355263157894736,-35.27777777777778,-31.871345029239766,-22.41953385127636,12.924071082390952,-25.240641711229944,화장품
090435,아모레퍼시픽우,0,44950,-0.6629834254143646,-0.3325942350332594,27.3371104815864,-6.15866388308977,8.837772397094431,17.057291666666664,18.289473684210527,-1.7486338797814207,2.742857142857143,화장품
027050,코리아나,0,1314,-3.59501100513573,-14.117647058823529,-9.065743944636678,-30.254777070063692,-52.903225806451616,-50.97014925373134,-66.35083226632523,-54.53287197231834,-43.116883116883116,화장품
175250,아이큐어,0,1791,-37.595818815331015,-37.595818815331015,-37.595818815331015,-37.595818815331015,-37.595818815331015,-29.432624113475175,-48.20705610179294,-83.07023348142548,-37.595818815331015,화장품
123690,한국화장품,0,6320,0.15847860538827258,-4.531722054380665,-5.812220566318927,-25.559481743227323,-36.54618473895582,-15.281501340482572,-34.710743801652896,-9.585121602288984,-37.05179282868526,화장품
214260,라파스,0,7880,-0.25316455696202533,-13.406593406593407,12.571428571428573,-23.71732817037754,-47.77998674618953,-56.560088202866595,-71.500904159132,-78.52861035422343,-39.84732824427481,화장품
217480,에스디생명공학,0,499,0.0,0.0,0.0,0.0,0.0,0.0,0.0,-87.8173828125,0.0,화장품
317860,노드메이슨,0,4000,-2.4390243902439024,-6.976744186046512,-6.976744186046512,-11.11111111111111,-20.0,-39.117199391171994,-20.0,-44.44444444444444,-16.666666666666664,화장품
082660,코스나인,0,480,0.0,0.0,0.0,0.0,0.0,0.0,-63.10530361260569,-21.311475409836063,0.0,화장품
051905,LG생활건강우,0,105500,-0.6591337099811676,-8.26086956521739,4.455445544554455,0.0,-10.441426146010187,-32.06696716033483,-44.61942257217848,-69.8140200286123,-6.966490299823633,화장품
137940,넥스트아이,0,1976,-0.2523977788995457,-4.541062801932367,8.45225027442371,-6.7924528301886795,-45.714285714285715,-48.541666666666664,-51.44963144963145,-70.06060606060606,-36.463022508038584,화장품
352480,씨앤씨인터내셔널,0,20850,-2.797202797202797,2.457002457002457,3.731343283582089,-20.722433460076044,-52.61363636363636,-78.39378238341969,-67.16535433070867,12.702702702702704,-29.679595278246207,화장품
483650,달바글로벌,0,182300,-9.752475247524753,-24.513457556935816,-13.601895734597155,21.129568106312295,7.8698224852071,,,,23.593220338983052,화장품
126560,현대퓨처넷,0,3360,-0.591715976331361,0.0,10.70840197693575,2.595419847328244,4.186046511627907,-18.048780487804876,7.6923076923076925,31.76470588235294,9.446254071661238,화장품
002795,아모레퍼시픽홀딩스우,0,11010,-1.6085790884718498,-1.520572450805009,3.089887640449438,-10.414971521562245,-2.1333333333333333,14.926931106471816,2.60950605778192,-19.927272727272726,-8.17347789824854,화장품
159580,제로투세븐,0,2195,0.228310502283105,-1.1261261261261262,-15.087040618955513,-40.514905149051486,-50.674157303370784,-45.33001245330012,-66.94277108433735,-72.17997465145754,-44.77987421383648,화장품
439090,마녀공장,0,15810,-2.5878003696857674,-8.770917484131564,12.207239176721078,31.31229235880399,-2.647783251231527,-21.73267326732673,-45.94871794871795,,15.485756026296569,화장품
161890,한국콜마,0,140300,-9.483870967741934,32.48347497639282,62.9500580720093,95.67642956764296,79.41176470588235,95.40389972144847,162.24299065420558,273.6351531291611,125.92592592592592,화장품
159910,에코글로우,0,3150,-0.9433962264150944,-5.688622754491018,6.0606060606060606,-10.0,-7.352941176470589,-22.02970297029703,-54.347826086956516,-71.62162162162163,-10.511363636363637,화장품
252500,세화피앤씨,0,2280,0.4405286343612335,-8.617234468937877,-33.43065693430657,-41.7624521072797,-45.90747330960854,-54.71698113207547,-58.04967801287948,-62.314049586776854,-43.35403726708075,화장품
344860,이노진,0,1361,-1.305293691080493,-1.1619462599854757,-2.7857142857142856,-7.162346521145975,-23.410241980866626,-28.141499472016896,-59.73372781065088,-77.68852459016394,-26.98497854077253,화장품
168330,내츄럴엔도텍,0,2185,1.627906976744186,14.698162729658792,-1.5765765765765765,-16.122840690978887,-25.68027210884354,20.584988962472405,-18.923933209647494,-47.28588661037394,-29.516129032258064,화장품
214420,토니모리,0,5100,-3.5916824196597354,-10.839160839160838,-6.25,-26.618705035971225,-51.886792452830186,-43.45898004434589,-9.41385435168739,23.93681652490887,-39.213349225268175,화장품
453860,에이에스텍,0,8110,-4.137115839243498,-12.419006479481641,-26.871055004508566,-45.2027027027027,-61.288782816229116,-69.16349809885931,,,-49.65859714463066,화장품
018250,애경산업,0,11500,-2.127659574468085,-6.122448979591836,-1.7094017094017095,-20.027816411682892,-27.353126974099812,-31.99290360733294,-50.95948827292111,-13.857677902621724,-12.480974124809741,화장품
226320,잇츠한불,0,10130,-6.290471785383904,-2.783109404990403,4.218106995884774,-0.9775171065493646,-19.85759493670886,-13.121783876500858,-35.35417996171027,-35.682539682539684,-8.902877697841728,화장품
090430,아모레퍼시픽,0,138300,-2.8109627547434997,1.8409425625920472,23.70304114490161,5.572519083969466,15.635451505016723,-0.7178750897343862,6.3028439661798625,17.70212765957447,15.732217573221757,화장품
260930,씨티케이,0,2350,-10.476190476190476,-9.615384615384617,-15.92128801431127,-41.17647058823529,-57.65765765765766,-61.02819237147595,-62.75752773375595,-69.28104575163398,-48.521358159912374,화장품
052260,현대바이오랜드,0,3920,-1.2594458438287155,1.2919896640826873,7.8404401650618984,-5.6558363417569195,-12.402234636871508,-25.475285171102662,-23.809523809523807,-46.847457627118644,-8.731082654249127,화장품
024720,콜마홀딩스,0,9520,-4.8,-5.179282868525896,16.23931623931624,4.157549234135667,-29.84524686809138,25.75957727873184,36.703044227455486,16.026812918951858,0.10515247108307045,화장품
420570,제이투케이바이오,0,8720,-14.593535749265426,-17.424242424242426,18.639455782312925,12.661498708010335,-8.691099476439792,-51.36642498605689,,,1.3953488372093024,화장품
114840,아이패밀리에스씨,0,8850,-9.044193216855087,-0.5617977528089888,-2.101769911504425,-20.982142857142858,-63.951120162932796,-58.25471698113207,-41.982430837813034,53.88628064684403,-35.16483516483517,화장품
406820,뷰티스킨,0,1840,-4.712584153288452,-4.860392967942089,-24.435318275154007,-12.380952380952381,-38.78908848968729,-49.61664841182913,-71.37523335407592,,-59.3549812237685,화장품
018290,브이티,0,11970,-3.076923076923077,-13.698630136986301,-3.076923076923077,-20.51792828685259,-61.81818181818181,-64.1616766467066,-20.72847682119205,136.09467455621302,-31.63906339234723,화장품
900310,컬러레이,0,2160,-3.571428571428571,8.761329305135952,17.391304347826086,-10.0,-38.54907539118065,-32.5,-63.48267117497887,-54.76439790575917,-24.475524475524477,화장품
241710,코스메카코리아,0,123600,-11.33428981348637,30.105263157894736,75.56818181818183,69.78021978021978,88.12785388127854,39.977349943374854,391.4512922465209,1340.5594405594404,85.58558558558559,화장품
014100,메디앙스,0,1610,-3.6505086774386597,-15.03957783641161,4.545454545454546,-2.127659574468085,-20.689655172413794,-24.235294117647058,-46.776859504132226,-58.50515463917526,-9.803921568627452,화장품
278470,에이피알,0,368500,-12.052505966587113,-4.7803617571059425,-10.23142509135201,7.591240875912408,60.21739130434782,534.2512908777968,,,59.523809523809526,화장품
092730,네오팜,0,21400,-10.272536687631026,-11.20331950207469,27.002967359050444,21.31519274376417,-1.3824884792626728,94.38641111817604,58.906957748570576,124.69550608987821,16.494284158954816,화장품
002790,아모레퍼시픽홀딩스,0,25500,-3.4090909090909087,-3.5916824196597354,3.8696537678207736,-4.672897196261682,-6.934306569343065,-1.7341040462427744,-22.37442922374429,-23.766816143497756,-5.027932960893855,화장품
080530,코디,0,2500,1.4198782961460445,6.382978723404255,6.609808102345416,-45.3551912568306,-62.121212121212125,-68.15286624203821,-61.832061068702295,-64.41281138790036,-51.597289448209104,화장품
123330,제닉,0,26950,-22.557471264367816,-8.952702702702704,20.85201793721973,2.2770398481973433,-6.423611111111111,93.46733668341709,565.4320987654321,418.2692307692308,63.13559322033898,화장품
078520,에이블씨엔씨,0,10390,-10.121107266435986,-17.6050753370341,-4.5036764705882355,-5.28714676390155,-29.175187457396046,43.310344827586206,12.934782608695652,90.64220183486239,-0.7640878701050621,화장품
219550,디와이디,0,1238,0.8964955175224123,-6.212121212121212,-8.634686346863468,-10.289855072463768,-21.3968253968254,-20.64102564102564,-78.52558542931483,-80.8062015503876,41.32420091324201,화장품
900300,오가닉티코스메틱,0,3350,-17.48768472906404,71.35549872122762,-26.373626373626376,-46.400000000000006,-81.07344632768361,-89.36507936507937,-95.83850931677019,-97.77408637873755,-71.72995780590718,화장품
201490,미투온,0,2775,13.496932515337424,23.608017817371937,22.516556291390728,-15.267175572519085,-56.2992125984252,28.47222222222222,-10.77170418006431,-48.61111111111111,-23.130193905817176,게임엔터테인먼트
331520,밸로프,0,2350,-3.4907597535934287,4.444444444444445,10.328638497652582,-16.071428571428573,-21.008403361344538,-35.26170798898072,-58.2963620230701,-79.56521739130434,-17.975567190226876,게임엔터테인먼트
094860,네오리진,0,1533,7.127882599580712,13.893016344725112,16.048448145344434,7.4281709880868965,47.97297297297297,13.977695167286244,-14.35754189944134,-50.227272727272734,53.300000000000004,게임엔터테인먼트
950190,고스트스튜디오,0,9500,-1.3499480789200415,9.44700460829493,6.026785714285714,17.574257425742573,-0.7314524555903866,-7.945736434108527,-15.705412599822537,-46.927374301675975,9.321058688147296,게임엔터테인먼트
217270,넵튠,0,2405,-1.4344262295081966,-4.563492063492063,-12.386156648451731,-45.34090909090909,-61.519999999999996,-58.173913043478265,-79.78991596638656,-80.52631578947368,-53.11890838206628,게임엔터테인먼트
058630,엠게임,0,4055,0.12345679012345678,-8.154020385050963,-5.146198830409357,-22.466539196940726,-31.50337837837838,-24.347014925373134,-42.4822695035461,-39.02255639097744,-36.242138364779876,게임엔터테인먼트
078340,컴투스,0,31200,-8.370044052863436,-5.167173252279635,23.564356435643564,-7.142857142857142,-22.09737827715356,-13.212795549374132,-33.11897106109325,-64.86486486486487,7.401032702237521,게임엔터테인먼트
205500,넥써쓰,0,1838,-0.5949161709031909,19.81747066492829,-12.057416267942584,22.45169886742172,-41.743264659271,39.98476770753999,23.025435073627847,-57.747126436781606,-5.598356445814073,게임엔터테인먼트
052790,액토즈소프트,0,4100,0.0,-2.1479713603818613,-2.4970273483947683,-25.045703839122485,-33.54943273905997,-40.14598540145985,-42.57703081232493,-52.87356321839081,-33.115823817292004,게임엔터테인먼트
204610,티쓰리,0,3255,-0.6106870229007634,-3.698224852071006,32.31707317073171,24.71264367816092,51.3953488372093,173.52941176470588,136.04060913705584,,75.94594594594595,게임엔터테인먼트
101730,위메이드맥스,0,3980,-2.9268292682926833,17.75147928994083,18.27637444279346,-24.763705103969755,-42.81609195402299,-62.5587958607714,-53.93518518518518,-78.01104972375691,-35.38961038961039,게임엔터테인먼트
023770,플레이위드,0,2695,2.083333333333333,14.680851063829786,5.893909626719057,-5.105633802816902,-32.45614035087719,-66.22807017543859,-59.83606557377049,-62.04225352112675,-10.01669449081803,게임엔터테인먼트
462870,시프트업,0,31250,-4.287901990811639,-3.5493827160493825,1.6260162601626018,0.9693053311793215,-24.242424242424242,-45.93425605536332,,,-11.971830985915492,게임엔터테인먼트
030350,드래곤플라이,0,973,0.0,0.0,0.0,0.0,0.0,-57.28709394205443,-69.05216284987277,-88.54350641704933,0.0,게임엔터테인먼트
266350,팡스카이,0,398,0.0,0.0,0.0,0.0,0.0,-56.644880174291934,,,0.0,게임엔터테인먼트
225570,넥슨게임즈,0,11350,-1.132404181184669,25.275938189845476,19.222689075630253,0.9786476868327402,-18.63799283154122,-25.47603414313854,-29.590570719602976,-28.84012539184953,-5.495420482930891,게임엔터테인먼트
042420,네오위즈홀딩스,0,23900,-1.0351966873706004,-0.20876826722338201,14.081145584725538,-5.533596837944664,-2.8455284552845526,30.03264417845484,-11.317254174397032,-25.19561815336463,-4.590818363273453,게임엔터테인먼트
069080,웹젠,0,10950,-4.366812227074235,-8.368200836820083,2.720450281425891,-11.336032388663968,-20.421511627906977,-36.66859456333141,-24.43064182194617,-36.52173913043478,-15.11627906976744,게임엔터테인먼트
052770,아이톡시,0,312,0.0,0.0,0.0,-35.13513513513514,-85.90149118843199,-94.21042865095565,-95.10971786833856,-95.80250235436567,-59.637774902975416,게임엔터테인먼트
348030,모비릭스,0,2970,-2.7823240589198037,-4.807692307692308,17.62376237623762,22.727272727272727,-29.116945107398568,-32.576617480136214,-66.3265306122449,-79.08450704225352,-7.187499999999999,게임엔터테인먼트
112040,위메이드,0,15020,1.0767160161507403,-10.381861575178998,-16.042481833426496,-34.69565217391305,-46.642984014209596,-56.01756954612006,-56.463768115942024,-73.03411131059246,-39.7995991983968,게임엔터테인먼트
263750,펄어비스,0,35150,14.681892332789559,-2.7662517289073305,-14.372716199756393,-46.58054711246201,6.354009077155824,4.457652303120357,-28.91809908998989,-36.09090909090909,-6.016042780748663,게임엔터테인먼트
192080,더블유게임즈,0,55900,-2.782608695652174,-9.253246753246753,-25.067024128686327,10.693069306930694,4.0968342644320295,13.96534148827727,61.19730088240382,51.57677811220478,4.291044776119403,게임엔터테인먼트
036570,NC,0,210500,-3.881278538812785,-13.552361396303903,-19.038461538461537,-7.87746170678337,5.25,18.125701459034794,-13.905930470347649,-43.337819650067296,4.466501240694789,게임엔터테인먼트
123420,위메이드플레이,0,6290,0.3189792663476874,0.4792332268370607,3.284072249589491,-8.04093567251462,-36.52875882946518,-26.0,-19.66794380587484,-75.28487229862475,-17.018469656992085,게임엔터테인먼트
251270,넷마블,0,35050,-5.27027027027027,-12.919254658385093,-18.583042973286876,-36.04014598540146,-44.09888357256778,-39.04347826086956,-17.529411764705884,-43.00813008130081,-27.357512953367873,게임엔터테인먼트
095660,네오위즈,0,17430,-1.9133370849746762,-9.96900826446281,-11.657374556512924,-36.61818181818182,-30.0,-18.74125874125874,-55.42199488491049,-54.07114624505929,-28.271604938271604,게임엔터테인먼트
047080,한빛소프트,0,1087,-0.36663611365719523,3.7213740458015265,-28.013245033112582,-10.165289256198347,-15.078125,-35.37455410225922,-51.146067415730336,-65.16025641025641,-8.501683501683502,게임엔터테인먼트
293490,카카오게임즈,0,8820,-2.2172949002217295,5.502392344497608,1.2629161882893225,-35.76110706482156,-44.70219435736677,-47.40608228980322,-68.04347826086956,-82.07317073170731,-40.80536912751678,게임엔터테인먼트
194480,데브시스터즈,0,15160,-7.164727495407226,-32.47216035634744,8.82986360373295,-61.52284263959391,-69.31174089068826,-59.137466307277634,-70.95785440613027,-58.52257181942544,-49.96699669966997,게임엔터테인먼트
259960,크래프톤,0,209000,-5.429864253393665,-13.636363636363635,-10.300429184549357,-14.519427402862986,-35.1937984496124,-36.28048780487805,36.06770833333333,-11.814345991561181,-15.040650406504067,게임엔터테인먼트
067000,조이시티,0,1128,-6.545153272576636,-8.441558441558442,-4.810126582278481,-58.75685557586837,-34.07364114552893,-33.05637982195846,-61.30360205831904,-73.88888888888889,-45.10948905109489,게임엔터테인먼트
063080,컴투스홀딩스,0,12060,-9.323308270676693,-4.361617763679619,-11.127487103905674,-34.34948285247687,-42.97872340425532,-43.64485981308411,-60.26359143327842,-78.84210526315789,-24.293785310734464,게임엔터테인먼트
208640,썸에이지,0,707,6.156156156156156,-20.56179775280899,-33.364750235626765,-58.654970760233915,-83.58486185279777,-71.81020733652312,-79.89764003411999,-91.98049001814881,-69.34084995663487,게임엔터테인먼트
006220,제주은행,0,9970,-0.499001996007984,7.204301075268817,-18.744906275468622,-26.745040411462163,-28.734810578984987,16.065192083818395,14.994232987312571,42.02279202279202,-11.377777777777778,은행
279570,케이뱅크,0,5790,4.136690647482014,2.841918294849023,-6.913183279742766,-18.565400843881857,,,,,,은행
138930,BNK금융지주,0,15520,2.509907529722589,3.812709030100334,-7.728894173602854,-15.0519978106185,3.4666666666666663,58.044806517311606,126.56934306569343,138.40245775729647,-2.2054190296156273,은행
175330,JB금융지주,0,31100,1.800327332242226,8.55148342059337,19.615384615384617,1.9672131147540985,28.24742268041237,116.57381615598885,207.92079207920793,332.5452016689847,21.24756335282651,은행
024110,기업은행,0,20600,-1.1990407673860912,1.728395061728395,-1.6706443914081146,-10.822510822510822,7.5718015665796345,49.81818181818182,88.64468864468864,117.989417989418,-1.6706443914081146,은행
105560,KB금융,0,172000,1.7149615612063869,0.17472335468841002,13.531353135313532,15.513767629281396,56.505914467697906,108.99149453219927,217.92975970425138,256.8464730290457,37.93103448275862,은행
139130,iM금융지주,0,18210,-3.4464475079533403,5.4429646786334684,-0.6004366812227074,9.30372148859544,31.480144404332126,124.26108374384238,141.19205298013244,151.17241379310343,17.10610932475884,은행
323410,카카오뱅크,0,21600,-1.36986301369863,-2.4830699774266365,-7.6923076923076925,-9.433962264150944,-9.812108559498958,7.196029776674938,-13.426853707414828,-13.600000000000001,0.0,은행
316140,우리금융지주,0,33500,-2.898550724637681,0.4497751124437781,11.11111111111111,4.037267080745342,35.62753036437247,112.428662016487,179.16666666666669,195.15418502202644,19.642857142857142,은행
086790,하나금융지주,0,134000,-0.6671608598962194,2.7607361963190185,16.72473867595819,23.048668503213957,60.86434573829532,118.95424836601308,233.74844333748445,262.16216216216213,42.40170031880977,은행
055550,신한지주,0,110600,0.09049773755656108,3.9473684210526314,14.138286893704851,21.80616740088106,69.37212863705973,97.14795008912655,209.37062937062936,215.54921540656204,43.82314694408323,은행
020560,아시아나항공,0,7930,3.1209362808842656,9.986130374479888,16.27565982404692,13.285714285714286,-16.526315789473685,-15.096359743040685,-26.709796672828094,-43.957597173144876,0.8905852417302799,항공사
003495,대한항공우,0,21900,0.9216589861751152,2.097902097902098,2.336448598130841,-6.008583690987124,-8.176100628930817,-3.0973451327433628,-15.930902111324377,-27.722772277227726,-8.176100628930817,항공사
091810,트리니티항공,0,2750,-0.9009009009009009,-12.140575079872203,-25.675675675675674,-51.024042742653606,-69.79681493684788,-79.44693572496263,-78.20919175911251,-69.44444444444444,-60.17378711078928,항공사
003490,대한항공,0,29800,3.1141868512110724,10.986964618249534,20.161290322580644,22.633744855967077,26.27118644067797,35.147392290249435,30.98901098901099,17.786561264822133,32.15077605321508,항공사
089590,제주항공,0,4865,10.693970420932878,10.693970420932878,17.2289156626506,-7.333333333333333,-25.83841463414634,-45.21396396396396,-59.3906510851419,-64.85080557763168,-10.073937153419593,항공사
298690,에어부산,0,1555,3.6666666666666665,1.1711125569290826,-1.8927444794952681,-12.640449438202248,-22.25,-34.526315789473685,-49.26590538336052,-52.37366003062787,-9.540430482838861,항공사
180640,한진칼,0,143500,3.163191948238677,22.964867180805484,21.199324324324326,24.134948096885815,29.746835443037973,111.65191740412979,236.4595545134818,250.8557457212714,15.725806451612904,항공사
272450,진에어,0,6150,7.142857142857142,12.431444241316271,16.698292220113853,-5.384615384615385,-27.647058823529413,-38.92750744786495,-51.72684458398744,-62.61398176291794,-11.255411255411255,항공사
